回填範圍：2015-01 ~ 2026-06（共 138 個月）
[1/138] 2015-01 已存在但版本過時（0007-v1 → 0007-v2），重建...
上櫃股進度：50/1139（fetch_error 累計 0；finmind_price 快取檔數 1428）
上櫃股進度：100/1139（fetch_error 累計 0；finmind_price 快取檔數 1428）
上櫃股進度：150/1139（fetch_error 累計 0；finmind_price 快取檔數 1428）
上櫃股進度：200/1139（fetch_error 累計 0；finmind_price 快取檔數 1428）
上櫃股進度：250/1139（fetch_error 累計 0；finmind_price 快取檔數 1428）
上櫃股進度：300/1139（fetch_error 累計 0；finmind_price 快取檔數 1428）
上櫃股進度：350/1139（fetch_error 累計 0；finmind_price 快取檔數 1428）
上櫃股進度：400/1139（fetch_error 累計 0；finmind_price 快取檔數 1428）
上櫃股進度：450/1139（fetch_error 累計 0；finmind_price 快取檔數 1428）
上櫃股進度：500/1139（fetch_error 累計 0；finmind_price 快取檔數 1428）
上櫃股進度：550/1139（fetch_error 累計 0；finmind_price 快取檔數 1428）
上櫃股進度：600/1139（fetch_error 累計 0；finmind_price 快取檔數 1428）
上櫃股進度：650/1139（fetch_error 累計 0；finmind_price 快取檔數 1428）
上櫃股進度：700/1139（fetch_error 累計 0；finmind_price 快取檔數 1428）
上櫃股進度：750/1139（fetch_error 累計 0；finmind_price 快取檔數 1428）
上櫃股進度：800/1139（fetch_error 累計 0；finmind_price 快取檔數 1428）
上櫃股進度：850/1139（fetch_error 累計 0；finmind_price 快取檔數 1428）
上櫃股進度：900/1139（fetch_error 累計 0；finmind_price 快取檔數 1428）
上櫃股進度：950/1139（fetch_error 累計 0；finmind_price 快取檔數 1428）
上櫃股進度：1000/1139（fetch_error 累計 0；finmind_price 快取檔數 1428）
上櫃股進度：1050/1139（fetch_error 累計 0；finmind_price 快取檔數 1428）
上櫃股進度：1100/1139（fetch_error 累計 0；finmind_price 快取檔數 1428）
[1/138] 2015-01 已寫入：data/snapshots\2015-01\universe.json
[2/138] 2015-02 已存在但版本過時（0007-v1 → 0007-v2），重建...
上櫃股進度：50/1139（fetch_error 累計 0；finmind_price 快取檔數 1428）
上櫃股進度：100/1139（fetch_error 累計 0；finmind_price 快取檔數 1428）
上櫃股進度：150/1139（fetch_error 累計 0；finmind_price 快取檔數 1428）
上櫃股進度：200/1139（fetch_error 累計 0；finmind_price 快取檔數 1428）
上櫃股進度：250/1139（fetch_error 累計 0；finmind_price 快取檔數 1428）
上櫃股進度：300/1139（fetch_error 累計 0；finmind_price 快取檔數 1428）
上櫃股進度：350/1139（fetch_error 累計 0；finmind_price 快取檔數 1428）
上櫃股進度：400/1139（fetch_error 累計 0；finmind_price 快取檔數 1428）
上櫃股進度：450/1139（fetch_error 累計 0；finmind_price 快取檔數 1428）
上櫃股進度：500/1139（fetch_error 累計 0；finmind_price 快取檔數 1428）
上櫃股進度：550/1139（fetch_error 累計 0；finmind_price 快取檔數 1428）
上櫃股進度：600/1139（fetch_error 累計 0；finmind_price 快取檔數 1428）
上櫃股進度：650/1139（fetch_error 累計 0；finmind_price 快取檔數 1428）
上櫃股進度：700/1139（fetch_error 累計 0；finmind_price 快取檔數 1428）
上櫃股進度：750/1139（fetch_error 累計 0；finmind_price 快取檔數 1428）
上櫃股進度：800/1139（fetch_error 累計 0；finmind_price 快取檔數 1428）
上櫃股進度：850/1139（fetch_error 累計 0；finmind_price 快取檔數 1428）
上櫃股進度：900/1139（fetch_error 累計 0；finmind_price 快取檔數 1428）
上櫃股進度：950/1139（fetch_error 累計 0；finmind_price 快取檔數 1428）
上櫃股進度：1000/1139（fetch_error 累計 0；finmind_price 快取檔數 1428）
上櫃股進度：1050/1139（fetch_error 累計 0；finmind_price 快取檔數 1428）
上櫃股進度：1100/1139（fetch_error 累計 0；finmind_price 快取檔數 1428）
[2/138] 2015-02 已寫入：data/snapshots\2015-02\universe.json
[3/138] 2015-03 已存在但版本過時（0007-v1 → 0007-v2），重建...
上櫃股進度：50/1139（fetch_error 累計 0；finmind_price 快取檔數 1428）
上櫃股進度：100/1139（fetch_error 累計 0；finmind_price 快取檔數 1428）
上櫃股進度：150/1139（fetch_error 累計 0；finmind_price 快取檔數 1428）
上櫃股進度：200/1139（fetch_error 累計 0；finmind_price 快取檔數 1428）
上櫃股進度：250/1139（fetch_error 累計 0；finmind_price 快取檔數 1428）
上櫃股進度：300/1139（fetch_error 累計 0；finmind_price 快取檔數 1428）
上櫃股進度：350/1139（fetch_error 累計 0；finmind_price 快取檔數 1428）
上櫃股進度：400/1139（fetch_error 累計 0；finmind_price 快取檔數 1428）
上櫃股進度：450/1139（fetch_error 累計 0；finmind_price 快取檔數 1428）
上櫃股進度：500/1139（fetch_error 累計 0；finmind_price 快取檔數 1428）
上櫃股進度：550/1139（fetch_error 累計 0；finmind_price 快取檔數 1428）
上櫃股進度：600/1139（fetch_error 累計 0；finmind_price 快取檔數 1428）
上櫃股進度：650/1139（fetch_error 累計 0；finmind_price 快取檔數 1428）
上櫃股進度：700/1139（fetch_error 累計 0；finmind_price 快取檔數 1428）
上櫃股進度：750/1139（fetch_error 累計 0；finmind_price 快取檔數 1428）
上櫃股進度：800/1139（fetch_error 累計 0；finmind_price 快取檔數 1428）
上櫃股進度：850/1139（fetch_error 累計 0；finmind_price 快取檔數 1428）
上櫃股進度：900/1139（fetch_error 累計 0；finmind_price 快取檔數 1428）
上櫃股進度：950/1139（fetch_error 累計 0；finmind_price 快取檔數 1428）
上櫃股進度：1000/1139（fetch_error 累計 0；finmind_price 快取檔數 1428）
上櫃股進度：1050/1139（fetch_error 累計 0；finmind_price 快取檔數 1428）
上櫃股進度：1100/1139（fetch_error 累計 0；finmind_price 快取檔數 1428）
[3/138] 2015-03 已寫入：data/snapshots\2015-03\universe.json
[4/138] 2015-04 已存在但版本過時（0007-v1 → 0007-v2），重建...
上櫃股進度：50/1139（fetch_error 累計 0；finmind_price 快取檔數 1428）
上櫃股進度：100/1139（fetch_error 累計 0；finmind_price 快取檔數 1428）
上櫃股進度：150/1139（fetch_error 累計 0；finmind_price 快取檔數 1428）
上櫃股進度：200/1139（fetch_error 累計 0；finmind_price 快取檔數 1428）
上櫃股進度：250/1139（fetch_error 累計 0；finmind_price 快取檔數 1428）
上櫃股進度：300/1139（fetch_error 累計 0；finmind_price 快取檔數 1428）
上櫃股進度：350/1139（fetch_error 累計 0；finmind_price 快取檔數 1428）
上櫃股進度：400/1139（fetch_error 累計 0；finmind_price 快取檔數 1428）
上櫃股進度：450/1139（fetch_error 累計 0；finmind_price 快取檔數 1428）
上櫃股進度：500/1139（fetch_error 累計 0；finmind_price 快取檔數 1428）
上櫃股進度：550/1139（fetch_error 累計 0；finmind_price 快取檔數 1428）
上櫃股進度：600/1139（fetch_error 累計 0；finmind_price 快取檔數 1428）
上櫃股進度：650/1139（fetch_error 累計 0；finmind_price 快取檔數 1428）
上櫃股進度：700/1139（fetch_error 累計 0；finmind_price 快取檔數 1428）
上櫃股進度：750/1139（fetch_error 累計 0；finmind_price 快取檔數 1428）
上櫃股進度：800/1139（fetch_error 累計 0；finmind_price 快取檔數 1428）
上櫃股進度：850/1139（fetch_error 累計 0；finmind_price 快取檔數 1428）
上櫃股進度：900/1139（fetch_error 累計 0；finmind_price 快取檔數 1428）
上櫃股進度：950/1139（fetch_error 累計 0；finmind_price 快取檔數 1428）
上櫃股進度：1000/1139（fetch_error 累計 0；finmind_price 快取檔數 1428）
上櫃股進度：1050/1139（fetch_error 累計 0；finmind_price 快取檔數 1428）
上櫃股進度：1100/1139（fetch_error 累計 0；finmind_price 快取檔數 1428）
[4/138] 2015-04 已寫入：data/snapshots\2015-04\universe.json
[5/138] 2015-05 已存在但版本過時（0007-v1 → 0007-v2），重建...
上櫃股進度：50/1139（fetch_error 累計 0；finmind_price 快取檔數 1428）
上櫃股進度：100/1139（fetch_error 累計 0；finmind_price 快取檔數 1428）
上櫃股進度：150/1139（fetch_error 累計 0；finmind_price 快取檔數 1428）
上櫃股進度：200/1139（fetch_error 累計 0；finmind_price 快取檔數 1428）
上櫃股進度：250/1139（fetch_error 累計 0；finmind_price 快取檔數 1428）
上櫃股進度：300/1139（fetch_error 累計 0；finmind_price 快取檔數 1428）
上櫃股進度：350/1139（fetch_error 累計 0；finmind_price 快取檔數 1428）
上櫃股進度：400/1139（fetch_error 累計 0；finmind_price 快取檔數 1428）
上櫃股進度：450/1139（fetch_error 累計 0；finmind_price 快取檔數 1428）
上櫃股進度：500/1139（fetch_error 累計 0；finmind_price 快取檔數 1428）
上櫃股進度：550/1139（fetch_error 累計 0；finmind_price 快取檔數 1428）
上櫃股進度：600/1139（fetch_error 累計 0；finmind_price 快取檔數 1428）
上櫃股進度：650/1139（fetch_error 累計 0；finmind_price 快取檔數 1428）
上櫃股進度：700/1139（fetch_error 累計 0；finmind_price 快取檔數 1428）
上櫃股進度：750/1139（fetch_error 累計 0；finmind_price 快取檔數 1428）
上櫃股進度：800/1139（fetch_error 累計 0；finmind_price 快取檔數 1428）
上櫃股進度：850/1139（fetch_error 累計 0；finmind_price 快取檔數 1428）
上櫃股進度：900/1139（fetch_error 累計 0；finmind_price 快取檔數 1428）
上櫃股進度：950/1139（fetch_error 累計 0；finmind_price 快取檔數 1428）
上櫃股進度：1000/1139（fetch_error 累計 0；finmind_price 快取檔數 1428）
上櫃股進度：1050/1139（fetch_error 累計 0；finmind_price 快取檔數 1428）
上櫃股進度：1100/1139（fetch_error 累計 0；finmind_price 快取檔數 1428）
[5/138] 2015-05 已寫入：data/snapshots\2015-05\universe.json
[6/138] 2015-06 已存在但版本過時（0007-v1 → 0007-v2），重建...
上櫃股進度：50/1139（fetch_error 累計 0；finmind_price 快取檔數 1428）
上櫃股進度：100/1139（fetch_error 累計 0；finmind_price 快取檔數 1428）
上櫃股進度：150/1139（fetch_error 累計 0；finmind_price 快取檔數 1428）
上櫃股進度：200/1139（fetch_error 累計 0；finmind_price 快取檔數 1428）
上櫃股進度：250/1139（fetch_error 累計 0；finmind_price 快取檔數 1428）
上櫃股進度：300/1139（fetch_error 累計 0；finmind_price 快取檔數 1428）
上櫃股進度：350/1139（fetch_error 累計 0；finmind_price 快取檔數 1428）
上櫃股進度：400/1139（fetch_error 累計 0；finmind_price 快取檔數 1428）
上櫃股進度：450/1139（fetch_error 累計 0；finmind_price 快取檔數 1428）
上櫃股進度：500/1139（fetch_error 累計 0；finmind_price 快取檔數 1428）
上櫃股進度：550/1139（fetch_error 累計 0；finmind_price 快取檔數 1428）
上櫃股進度：600/1139（fetch_error 累計 0；finmind_price 快取檔數 1428）
上櫃股進度：650/1139（fetch_error 累計 0；finmind_price 快取檔數 1428）
上櫃股進度：700/1139（fetch_error 累計 0；finmind_price 快取檔數 1428）
上櫃股進度：750/1139（fetch_error 累計 0；finmind_price 快取檔數 1428）
上櫃股進度：800/1139（fetch_error 累計 0；finmind_price 快取檔數 1428）
上櫃股進度：850/1139（fetch_error 累計 0；finmind_price 快取檔數 1428）
上櫃股進度：900/1139（fetch_error 累計 0；finmind_price 快取檔數 1428）
上櫃股進度：950/1139（fetch_error 累計 0；finmind_price 快取檔數 1428）
上櫃股進度：1000/1139（fetch_error 累計 0；finmind_price 快取檔數 1428）
上櫃股進度：1050/1139（fetch_error 累計 0；finmind_price 快取檔數 1428）
上櫃股進度：1100/1139（fetch_error 累計 0；finmind_price 快取檔數 1428）
[6/138] 2015-06 已寫入：data/snapshots\2015-06\universe.json
[7/138] 2015-07 已存在但版本過時（0007-v1 → 0007-v2），重建...
上櫃股進度：50/1139（fetch_error 累計 0；finmind_price 快取檔數 1428）
上櫃股進度：100/1139（fetch_error 累計 0；finmind_price 快取檔數 1428）
上櫃股進度：150/1139（fetch_error 累計 0；finmind_price 快取檔數 1428）
上櫃股進度：200/1139（fetch_error 累計 0；finmind_price 快取檔數 1428）
上櫃股進度：250/1139（fetch_error 累計 0；finmind_price 快取檔數 1428）
上櫃股進度：300/1139（fetch_error 累計 0；finmind_price 快取檔數 1428）
上櫃股進度：350/1139（fetch_error 累計 0；finmind_price 快取檔數 1428）
上櫃股進度：400/1139（fetch_error 累計 0；finmind_price 快取檔數 1428）
上櫃股進度：450/1139（fetch_error 累計 0；finmind_price 快取檔數 1428）
上櫃股進度：500/1139（fetch_error 累計 0；finmind_price 快取檔數 1428）
上櫃股進度：550/1139（fetch_error 累計 0；finmind_price 快取檔數 1428）
上櫃股進度：600/1139（fetch_error 累計 0；finmind_price 快取檔數 1428）
上櫃股進度：650/1139（fetch_error 累計 0；finmind_price 快取檔數 1428）
上櫃股進度：700/1139（fetch_error 累計 0；finmind_price 快取檔數 1428）
上櫃股進度：750/1139（fetch_error 累計 0；finmind_price 快取檔數 1428）
上櫃股進度：800/1139（fetch_error 累計 0；finmind_price 快取檔數 1428）
上櫃股進度：850/1139（fetch_error 累計 0；finmind_price 快取檔數 1428）
上櫃股進度：900/1139（fetch_error 累計 0；finmind_price 快取檔數 1428）
上櫃股進度：950/1139（fetch_error 累計 0；finmind_price 快取檔數 1428）
上櫃股進度：1000/1139（fetch_error 累計 0；finmind_price 快取檔數 1428）
上櫃股進度：1050/1139（fetch_error 累計 0；finmind_price 快取檔數 1428）
上櫃股進度：1100/1139（fetch_error 累計 0；finmind_price 快取檔數 1428）
[7/138] 2015-07 已寫入：data/snapshots\2015-07\universe.json
[8/138] 2015-08 已存在但版本過時（0007-v1 → 0007-v2），重建...
上櫃股進度：50/1139（fetch_error 累計 0；finmind_price 快取檔數 1428）
上櫃股進度：100/1139（fetch_error 累計 0；finmind_price 快取檔數 1428）
上櫃股進度：150/1139（fetch_error 累計 0；finmind_price 快取檔數 1428）
上櫃股進度：200/1139（fetch_error 累計 0；finmind_price 快取檔數 1428）
上櫃股進度：250/1139（fetch_error 累計 0；finmind_price 快取檔數 1428）
上櫃股進度：300/1139（fetch_error 累計 0；finmind_price 快取檔數 1428）
上櫃股進度：350/1139（fetch_error 累計 0；finmind_price 快取檔數 1428）
上櫃股進度：400/1139（fetch_error 累計 0；finmind_price 快取檔數 1428）
上櫃股進度：450/1139（fetch_error 累計 0；finmind_price 快取檔數 1428）
上櫃股進度：500/1139（fetch_error 累計 0；finmind_price 快取檔數 1428）
上櫃股進度：550/1139（fetch_error 累計 0；finmind_price 快取檔數 1428）
上櫃股進度：600/1139（fetch_error 累計 0；finmind_price 快取檔數 1428）
上櫃股進度：650/1139（fetch_error 累計 0；finmind_price 快取檔數 1428）
上櫃股進度：700/1139（fetch_error 累計 0；finmind_price 快取檔數 1428）
上櫃股進度：750/1139（fetch_error 累計 0；finmind_price 快取檔數 1428）
上櫃股進度：800/1139（fetch_error 累計 0；finmind_price 快取檔數 1428）
上櫃股進度：850/1139（fetch_error 累計 0；finmind_price 快取檔數 1428）
上櫃股進度：900/1139（fetch_error 累計 0；finmind_price 快取檔數 1428）
上櫃股進度：950/1139（fetch_error 累計 0；finmind_price 快取檔數 1428）
上櫃股進度：1000/1139（fetch_error 累計 0；finmind_price 快取檔數 1428）
上櫃股進度：1050/1139（fetch_error 累計 0；finmind_price 快取檔數 1428）
上櫃股進度：1100/1139（fetch_error 累計 0；finmind_price 快取檔數 1428）
[8/138] 2015-08 已寫入：data/snapshots\2015-08\universe.json
[9/138] 2015-09 已存在但版本過時（0007-v1 → 0007-v2），重建...
上櫃股進度：50/1139（fetch_error 累計 0；finmind_price 快取檔數 1428）
上櫃股進度：100/1139（fetch_error 累計 0；finmind_price 快取檔數 1428）
上櫃股進度：150/1139（fetch_error 累計 0；finmind_price 快取檔數 1428）
上櫃股進度：200/1139（fetch_error 累計 0；finmind_price 快取檔數 1428）
上櫃股進度：250/1139（fetch_error 累計 0；finmind_price 快取檔數 1428）
上櫃股進度：300/1139（fetch_error 累計 0；finmind_price 快取檔數 1428）
上櫃股進度：350/1139（fetch_error 累計 0；finmind_price 快取檔數 1428）
上櫃股進度：400/1139（fetch_error 累計 0；finmind_price 快取檔數 1428）
上櫃股進度：450/1139（fetch_error 累計 0；finmind_price 快取檔數 1428）
上櫃股進度：500/1139（fetch_error 累計 0；finmind_price 快取檔數 1428）
上櫃股進度：550/1139（fetch_error 累計 0；finmind_price 快取檔數 1428）
上櫃股進度：600/1139（fetch_error 累計 0；finmind_price 快取檔數 1428）
上櫃股進度：650/1139（fetch_error 累計 0；finmind_price 快取檔數 1428）
上櫃股進度：700/1139（fetch_error 累計 0；finmind_price 快取檔數 1428）
上櫃股進度：750/1139（fetch_error 累計 0；finmind_price 快取檔數 1428）
上櫃股進度：800/1139（fetch_error 累計 0；finmind_price 快取檔數 1428）
上櫃股進度：850/1139（fetch_error 累計 0；finmind_price 快取檔數 1428）
上櫃股進度：900/1139（fetch_error 累計 0；finmind_price 快取檔數 1428）
上櫃股進度：950/1139（fetch_error 累計 0；finmind_price 快取檔數 1428）
上櫃股進度：1000/1139（fetch_error 累計 0；finmind_price 快取檔數 1428）
上櫃股進度：1050/1139（fetch_error 累計 0；finmind_price 快取檔數 1428）
上櫃股進度：1100/1139（fetch_error 累計 0；finmind_price 快取檔數 1428）
[9/138] 2015-09 已寫入：data/snapshots\2015-09\universe.json
[10/138] 2015-10 已存在但版本過時（0007-v1 → 0007-v2），重建...
上櫃股進度：50/1139（fetch_error 累計 0；finmind_price 快取檔數 1428）
上櫃股進度：100/1139（fetch_error 累計 0；finmind_price 快取檔數 1428）
上櫃股進度：150/1139（fetch_error 累計 0；finmind_price 快取檔數 1428）
上櫃股進度：200/1139（fetch_error 累計 0；finmind_price 快取檔數 1428）
上櫃股進度：250/1139（fetch_error 累計 0；finmind_price 快取檔數 1428）
上櫃股進度：300/1139（fetch_error 累計 0；finmind_price 快取檔數 1428）
上櫃股進度：350/1139（fetch_error 累計 0；finmind_price 快取檔數 1428）
上櫃股進度：400/1139（fetch_error 累計 0；finmind_price 快取檔數 1428）
上櫃股進度：450/1139（fetch_error 累計 0；finmind_price 快取檔數 1428）
上櫃股進度：500/1139（fetch_error 累計 0；finmind_price 快取檔數 1428）
上櫃股進度：550/1139（fetch_error 累計 0；finmind_price 快取檔數 1428）
上櫃股進度：600/1139（fetch_error 累計 0；finmind_price 快取檔數 1428）
上櫃股進度：650/1139（fetch_error 累計 0；finmind_price 快取檔數 1428）
上櫃股進度：700/1139（fetch_error 累計 0；finmind_price 快取檔數 1428）
上櫃股進度：750/1139（fetch_error 累計 0；finmind_price 快取檔數 1428）
上櫃股進度：800/1139（fetch_error 累計 0；finmind_price 快取檔數 1428）
上櫃股進度：850/1139（fetch_error 累計 0；finmind_price 快取檔數 1428）
上櫃股進度：900/1139（fetch_error 累計 0；finmind_price 快取檔數 1428）
上櫃股進度：950/1139（fetch_error 累計 0；finmind_price 快取檔數 1428）
上櫃股進度：1000/1139（fetch_error 累計 0；finmind_price 快取檔數 1428）
上櫃股進度：1050/1139（fetch_error 累計 0；finmind_price 快取檔數 1428）
上櫃股進度：1100/1139（fetch_error 累計 0；finmind_price 快取檔數 1428）
[10/138] 2015-10 已寫入：data/snapshots\2015-10\universe.json
[11/138] 2015-11 已存在但版本過時（0007-v1 → 0007-v2），重建...
上櫃股進度：50/1139（fetch_error 累計 0；finmind_price 快取檔數 1428）
上櫃股進度：100/1139（fetch_error 累計 0；finmind_price 快取檔數 1428）
上櫃股進度：150/1139（fetch_error 累計 0；finmind_price 快取檔數 1428）
上櫃股進度：200/1139（fetch_error 累計 0；finmind_price 快取檔數 1428）
上櫃股進度：250/1139（fetch_error 累計 0；finmind_price 快取檔數 1428）
上櫃股進度：300/1139（fetch_error 累計 0；finmind_price 快取檔數 1428）
上櫃股進度：350/1139（fetch_error 累計 0；finmind_price 快取檔數 1428）
上櫃股進度：400/1139（fetch_error 累計 0；finmind_price 快取檔數 1428）
上櫃股進度：450/1139（fetch_error 累計 0；finmind_price 快取檔數 1428）
上櫃股進度：500/1139（fetch_error 累計 0；finmind_price 快取檔數 1428）
上櫃股進度：550/1139（fetch_error 累計 0；finmind_price 快取檔數 1428）
上櫃股進度：600/1139（fetch_error 累計 0；finmind_price 快取檔數 1428）
上櫃股進度：650/1139（fetch_error 累計 0；finmind_price 快取檔數 1428）
上櫃股進度：700/1139（fetch_error 累計 0；finmind_price 快取檔數 1428）
上櫃股進度：750/1139（fetch_error 累計 0；finmind_price 快取檔數 1428）
上櫃股進度：800/1139（fetch_error 累計 0；finmind_price 快取檔數 1428）
上櫃股進度：850/1139（fetch_error 累計 0；finmind_price 快取檔數 1428）
上櫃股進度：900/1139（fetch_error 累計 0；finmind_price 快取檔數 1428）
上櫃股進度：950/1139（fetch_error 累計 0；finmind_price 快取檔數 1428）
上櫃股進度：1000/1139（fetch_error 累計 0；finmind_price 快取檔數 1428）
上櫃股進度：1050/1139（fetch_error 累計 0；finmind_price 快取檔數 1428）
上櫃股進度：1100/1139（fetch_error 累計 0；finmind_price 快取檔數 1428）
[11/138] 2015-11 已寫入：data/snapshots\2015-11\universe.json
[12/138] 2015-12 已存在但版本過時（0007-v1 → 0007-v2），重建...
上櫃股進度：50/1139（fetch_error 累計 0；finmind_price 快取檔數 1428）
上櫃股進度：100/1139（fetch_error 累計 0；finmind_price 快取檔數 1428）
上櫃股進度：150/1139（fetch_error 累計 0；finmind_price 快取檔數 1428）
上櫃股進度：200/1139（fetch_error 累計 0；finmind_price 快取檔數 1428）
上櫃股進度：250/1139（fetch_error 累計 0；finmind_price 快取檔數 1428）
上櫃股進度：300/1139（fetch_error 累計 0；finmind_price 快取檔數 1428）
上櫃股進度：350/1139（fetch_error 累計 0；finmind_price 快取檔數 1428）
上櫃股進度：400/1139（fetch_error 累計 0；finmind_price 快取檔數 1428）
上櫃股進度：450/1139（fetch_error 累計 0；finmind_price 快取檔數 1428）
上櫃股進度：500/1139（fetch_error 累計 0；finmind_price 快取檔數 1428）
上櫃股進度：550/1139（fetch_error 累計 0；finmind_price 快取檔數 1428）
上櫃股進度：600/1139（fetch_error 累計 0；finmind_price 快取檔數 1428）
上櫃股進度：650/1139（fetch_error 累計 0；finmind_price 快取檔數 1428）
上櫃股進度：700/1139（fetch_error 累計 0；finmind_price 快取檔數 1428）
上櫃股進度：750/1139（fetch_error 累計 0；finmind_price 快取檔數 1428）
上櫃股進度：800/1139（fetch_error 累計 0；finmind_price 快取檔數 1428）
上櫃股進度：850/1139（fetch_error 累計 0；finmind_price 快取檔數 1428）
上櫃股進度：900/1139（fetch_error 累計 0；finmind_price 快取檔數 1428）
上櫃股進度：950/1139（fetch_error 累計 0；finmind_price 快取檔數 1428）
上櫃股進度：1000/1139（fetch_error 累計 0；finmind_price 快取檔數 1428）
上櫃股進度：1050/1139（fetch_error 累計 0；finmind_price 快取檔數 1428）
上櫃股進度：1100/1139（fetch_error 累計 0；finmind_price 快取檔數 1428）
[12/138] 2015-12 已寫入：data/snapshots\2015-12\universe.json
[13/138] 2016-01 已存在但版本過時（0007-v1 → 0007-v2），重建...
上櫃股進度：50/1139（fetch_error 累計 0；finmind_price 快取檔數 1428）
上櫃股進度：100/1139（fetch_error 累計 0；finmind_price 快取檔數 1428）
上櫃股進度：150/1139（fetch_error 累計 0；finmind_price 快取檔數 1428）
上櫃股進度：200/1139（fetch_error 累計 0；finmind_price 快取檔數 1428）
上櫃股進度：250/1139（fetch_error 累計 0；finmind_price 快取檔數 1428）
上櫃股進度：300/1139（fetch_error 累計 0；finmind_price 快取檔數 1428）
上櫃股進度：350/1139（fetch_error 累計 0；finmind_price 快取檔數 1428）
上櫃股進度：400/1139（fetch_error 累計 0；finmind_price 快取檔數 1428）
上櫃股進度：450/1139（fetch_error 累計 0；finmind_price 快取檔數 1428）
上櫃股進度：500/1139（fetch_error 累計 0；finmind_price 快取檔數 1428）
上櫃股進度：550/1139（fetch_error 累計 0；finmind_price 快取檔數 1428）
上櫃股進度：600/1139（fetch_error 累計 0；finmind_price 快取檔數 1428）
上櫃股進度：650/1139（fetch_error 累計 0；finmind_price 快取檔數 1428）
上櫃股進度：700/1139（fetch_error 累計 0；finmind_price 快取檔數 1428）
上櫃股進度：750/1139（fetch_error 累計 0；finmind_price 快取檔數 1428）
上櫃股進度：800/1139（fetch_error 累計 0；finmind_price 快取檔數 1428）
上櫃股進度：850/1139（fetch_error 累計 0；finmind_price 快取檔數 1428）
上櫃股進度：900/1139（fetch_error 累計 0；finmind_price 快取檔數 1428）
上櫃股進度：950/1139（fetch_error 累計 0；finmind_price 快取檔數 1428）
上櫃股進度：1000/1139（fetch_error 累計 0；finmind_price 快取檔數 1428）
上櫃股進度：1050/1139（fetch_error 累計 0；finmind_price 快取檔數 1428）
上櫃股進度：1100/1139（fetch_error 累計 0；finmind_price 快取檔數 1428）
[13/138] 2016-01 已寫入：data/snapshots\2016-01\universe.json
[14/138] 2016-02 已存在但版本過時（0007-v1 → 0007-v2），重建...
上櫃股進度：50/1139（fetch_error 累計 0；finmind_price 快取檔數 1428）
上櫃股進度：100/1139（fetch_error 累計 0；finmind_price 快取檔數 1428）
上櫃股進度：150/1139（fetch_error 累計 0；finmind_price 快取檔數 1428）
上櫃股進度：200/1139（fetch_error 累計 0；finmind_price 快取檔數 1428）
上櫃股進度：250/1139（fetch_error 累計 0；finmind_price 快取檔數 1428）
上櫃股進度：300/1139（fetch_error 累計 0；finmind_price 快取檔數 1428）
上櫃股進度：350/1139（fetch_error 累計 0；finmind_price 快取檔數 1428）
上櫃股進度：400/1139（fetch_error 累計 0；finmind_price 快取檔數 1428）
上櫃股進度：450/1139（fetch_error 累計 0；finmind_price 快取檔數 1428）
上櫃股進度：500/1139（fetch_error 累計 0；finmind_price 快取檔數 1428）
上櫃股進度：550/1139（fetch_error 累計 0；finmind_price 快取檔數 1428）
上櫃股進度：600/1139（fetch_error 累計 0；finmind_price 快取檔數 1428）
上櫃股進度：650/1139（fetch_error 累計 0；finmind_price 快取檔數 1428）
上櫃股進度：700/1139（fetch_error 累計 0；finmind_price 快取檔數 1428）
上櫃股進度：750/1139（fetch_error 累計 0；finmind_price 快取檔數 1428）
上櫃股進度：800/1139（fetch_error 累計 0；finmind_price 快取檔數 1428）
上櫃股進度：850/1139（fetch_error 累計 0；finmind_price 快取檔數 1428）
上櫃股進度：900/1139（fetch_error 累計 0；finmind_price 快取檔數 1428）
上櫃股進度：950/1139（fetch_error 累計 0；finmind_price 快取檔數 1428）
上櫃股進度：1000/1139（fetch_error 累計 0；finmind_price 快取檔數 1428）
上櫃股進度：1050/1139（fetch_error 累計 0；finmind_price 快取檔數 1428）
上櫃股進度：1100/1139（fetch_error 累計 0；finmind_price 快取檔數 1428）
[14/138] 2016-02 已寫入：data/snapshots\2016-02\universe.json
[15/138] 2016-03 已存在但版本過時（0007-v1 → 0007-v2），重建...
上櫃股進度：50/1139（fetch_error 累計 0；finmind_price 快取檔數 1428）
上櫃股進度：100/1139（fetch_error 累計 0；finmind_price 快取檔數 1428）
上櫃股進度：150/1139（fetch_error 累計 0；finmind_price 快取檔數 1428）
上櫃股進度：200/1139（fetch_error 累計 0；finmind_price 快取檔數 1428）
上櫃股進度：250/1139（fetch_error 累計 0；finmind_price 快取檔數 1428）
上櫃股進度：300/1139（fetch_error 累計 0；finmind_price 快取檔數 1428）
上櫃股進度：350/1139（fetch_error 累計 0；finmind_price 快取檔數 1428）
上櫃股進度：400/1139（fetch_error 累計 0；finmind_price 快取檔數 1428）
上櫃股進度：450/1139（fetch_error 累計 0；finmind_price 快取檔數 1428）
上櫃股進度：500/1139（fetch_error 累計 0；finmind_price 快取檔數 1428）
上櫃股進度：550/1139（fetch_error 累計 0；finmind_price 快取檔數 1428）
上櫃股進度：600/1139（fetch_error 累計 0；finmind_price 快取檔數 1428）
上櫃股進度：650/1139（fetch_error 累計 0；finmind_price 快取檔數 1428）
上櫃股進度：700/1139（fetch_error 累計 0；finmind_price 快取檔數 1428）
上櫃股進度：750/1139（fetch_error 累計 0；finmind_price 快取檔數 1428）
上櫃股進度：800/1139（fetch_error 累計 0；finmind_price 快取檔數 1428）
上櫃股進度：850/1139（fetch_error 累計 0；finmind_price 快取檔數 1428）
上櫃股進度：900/1139（fetch_error 累計 0；finmind_price 快取檔數 1428）
上櫃股進度：950/1139（fetch_error 累計 0；finmind_price 快取檔數 1428）
上櫃股進度：1000/1139（fetch_error 累計 0；finmind_price 快取檔數 1428）
上櫃股進度：1050/1139（fetch_error 累計 0；finmind_price 快取檔數 1428）
上櫃股進度：1100/1139（fetch_error 累計 0；finmind_price 快取檔數 1428）
[15/138] 2016-03 已寫入：data/snapshots\2016-03\universe.json
[16/138] 2016-04 已存在但版本過時（0007-v1 → 0007-v2），重建...
上櫃股進度：50/1139（fetch_error 累計 0；finmind_price 快取檔數 1428）
上櫃股進度：100/1139（fetch_error 累計 0；finmind_price 快取檔數 1428）
上櫃股進度：150/1139（fetch_error 累計 0；finmind_price 快取檔數 1428）
上櫃股進度：200/1139（fetch_error 累計 0；finmind_price 快取檔數 1428）
上櫃股進度：250/1139（fetch_error 累計 0；finmind_price 快取檔數 1428）
上櫃股進度：300/1139（fetch_error 累計 0；finmind_price 快取檔數 1428）
上櫃股進度：350/1139（fetch_error 累計 0；finmind_price 快取檔數 1428）
上櫃股進度：400/1139（fetch_error 累計 0；finmind_price 快取檔數 1428）
上櫃股進度：450/1139（fetch_error 累計 0；finmind_price 快取檔數 1428）
上櫃股進度：500/1139（fetch_error 累計 0；finmind_price 快取檔數 1428）
上櫃股進度：550/1139（fetch_error 累計 0；finmind_price 快取檔數 1428）
上櫃股進度：600/1139（fetch_error 累計 0；finmind_price 快取檔數 1428）
上櫃股進度：650/1139（fetch_error 累計 0；finmind_price 快取檔數 1428）
上櫃股進度：700/1139（fetch_error 累計 0；finmind_price 快取檔數 1428）
上櫃股進度：750/1139（fetch_error 累計 0；finmind_price 快取檔數 1428）
上櫃股進度：800/1139（fetch_error 累計 0；finmind_price 快取檔數 1428）
上櫃股進度：850/1139（fetch_error 累計 0；finmind_price 快取檔數 1428）
上櫃股進度：900/1139（fetch_error 累計 0；finmind_price 快取檔數 1428）
上櫃股進度：950/1139（fetch_error 累計 0；finmind_price 快取檔數 1428）
上櫃股進度：1000/1139（fetch_error 累計 0；finmind_price 快取檔數 1428）
上櫃股進度：1050/1139（fetch_error 累計 0；finmind_price 快取檔數 1428）
上櫃股進度：1100/1139（fetch_error 累計 0；finmind_price 快取檔數 1428）
[16/138] 2016-04 已寫入：data/snapshots\2016-04\universe.json
[17/138] 2016-05 已存在但版本過時（0007-v1 → 0007-v2），重建...
上櫃股進度：50/1139（fetch_error 累計 0；finmind_price 快取檔數 1428）
上櫃股進度：100/1139（fetch_error 累計 0；finmind_price 快取檔數 1428）
上櫃股進度：150/1139（fetch_error 累計 0；finmind_price 快取檔數 1428）
上櫃股進度：200/1139（fetch_error 累計 0；finmind_price 快取檔數 1428）
上櫃股進度：250/1139（fetch_error 累計 0；finmind_price 快取檔數 1428）
上櫃股進度：300/1139（fetch_error 累計 0；finmind_price 快取檔數 1428）
上櫃股進度：350/1139（fetch_error 累計 0；finmind_price 快取檔數 1428）
上櫃股進度：400/1139（fetch_error 累計 0；finmind_price 快取檔數 1428）
上櫃股進度：450/1139（fetch_error 累計 0；finmind_price 快取檔數 1428）
上櫃股進度：500/1139（fetch_error 累計 0；finmind_price 快取檔數 1428）
上櫃股進度：550/1139（fetch_error 累計 0；finmind_price 快取檔數 1428）
上櫃股進度：600/1139（fetch_error 累計 0；finmind_price 快取檔數 1428）
上櫃股進度：650/1139（fetch_error 累計 0；finmind_price 快取檔數 1428）
上櫃股進度：700/1139（fetch_error 累計 0；finmind_price 快取檔數 1428）
上櫃股進度：750/1139（fetch_error 累計 0；finmind_price 快取檔數 1428）
上櫃股進度：800/1139（fetch_error 累計 0；finmind_price 快取檔數 1428）
上櫃股進度：850/1139（fetch_error 累計 0；finmind_price 快取檔數 1428）
上櫃股進度：900/1139（fetch_error 累計 0；finmind_price 快取檔數 1428）
上櫃股進度：950/1139（fetch_error 累計 0；finmind_price 快取檔數 1428）
上櫃股進度：1000/1139（fetch_error 累計 0；finmind_price 快取檔數 1428）
上櫃股進度：1050/1139（fetch_error 累計 0；finmind_price 快取檔數 1428）
上櫃股進度：1100/1139（fetch_error 累計 0；finmind_price 快取檔數 1428）
[17/138] 2016-05 已寫入：data/snapshots\2016-05\universe.json
[18/138] 2016-06 已存在但版本過時（0007-v1 → 0007-v2），重建...
上櫃股進度：50/1139（fetch_error 累計 0；finmind_price 快取檔數 1428）
上櫃股進度：100/1139（fetch_error 累計 0；finmind_price 快取檔數 1428）
上櫃股進度：150/1139（fetch_error 累計 0；finmind_price 快取檔數 1428）
上櫃股進度：200/1139（fetch_error 累計 0；finmind_price 快取檔數 1428）
上櫃股進度：250/1139（fetch_error 累計 0；finmind_price 快取檔數 1428）
上櫃股進度：300/1139（fetch_error 累計 0；finmind_price 快取檔數 1428）
上櫃股進度：350/1139（fetch_error 累計 0；finmind_price 快取檔數 1428）
上櫃股進度：400/1139（fetch_error 累計 0；finmind_price 快取檔數 1428）
上櫃股進度：450/1139（fetch_error 累計 0；finmind_price 快取檔數 1428）
上櫃股進度：500/1139（fetch_error 累計 0；finmind_price 快取檔數 1428）
上櫃股進度：550/1139（fetch_error 累計 0；finmind_price 快取檔數 1428）
上櫃股進度：600/1139（fetch_error 累計 0；finmind_price 快取檔數 1428）
上櫃股進度：650/1139（fetch_error 累計 0；finmind_price 快取檔數 1428）
上櫃股進度：700/1139（fetch_error 累計 0；finmind_price 快取檔數 1428）
上櫃股進度：750/1139（fetch_error 累計 0；finmind_price 快取檔數 1428）
上櫃股進度：800/1139（fetch_error 累計 0；finmind_price 快取檔數 1428）
上櫃股進度：850/1139（fetch_error 累計 0；finmind_price 快取檔數 1428）
上櫃股進度：900/1139（fetch_error 累計 0；finmind_price 快取檔數 1428）
上櫃股進度：950/1139（fetch_error 累計 0；finmind_price 快取檔數 1428）
上櫃股進度：1000/1139（fetch_error 累計 0；finmind_price 快取檔數 1428）
上櫃股進度：1050/1139（fetch_error 累計 0；finmind_price 快取檔數 1428）
上櫃股進度：1100/1139（fetch_error 累計 0；finmind_price 快取檔數 1428）
[18/138] 2016-06 已寫入：data/snapshots\2016-06\universe.json
[19/138] 2016-07 已存在但版本過時（0007-v1 → 0007-v2），重建...
上櫃股進度：50/1139（fetch_error 累計 0；finmind_price 快取檔數 1428）
上櫃股進度：100/1139（fetch_error 累計 0；finmind_price 快取檔數 1428）
上櫃股進度：150/1139（fetch_error 累計 0；finmind_price 快取檔數 1428）
上櫃股進度：200/1139（fetch_error 累計 0；finmind_price 快取檔數 1428）
上櫃股進度：250/1139（fetch_error 累計 0；finmind_price 快取檔數 1428）
上櫃股進度：300/1139（fetch_error 累計 0；finmind_price 快取檔數 1428）
上櫃股進度：350/1139（fetch_error 累計 0；finmind_price 快取檔數 1428）
上櫃股進度：400/1139（fetch_error 累計 0；finmind_price 快取檔數 1428）
上櫃股進度：450/1139（fetch_error 累計 0；finmind_price 快取檔數 1428）
上櫃股進度：500/1139（fetch_error 累計 0；finmind_price 快取檔數 1428）
上櫃股進度：550/1139（fetch_error 累計 0；finmind_price 快取檔數 1428）
上櫃股進度：600/1139（fetch_error 累計 0；finmind_price 快取檔數 1428）
上櫃股進度：650/1139（fetch_error 累計 0；finmind_price 快取檔數 1428）
上櫃股進度：700/1139（fetch_error 累計 0；finmind_price 快取檔數 1428）
上櫃股進度：750/1139（fetch_error 累計 0；finmind_price 快取檔數 1428）
上櫃股進度：800/1139（fetch_error 累計 0；finmind_price 快取檔數 1428）
上櫃股進度：850/1139（fetch_error 累計 0；finmind_price 快取檔數 1428）
上櫃股進度：900/1139（fetch_error 累計 0；finmind_price 快取檔數 1428）
上櫃股進度：950/1139（fetch_error 累計 0；finmind_price 快取檔數 1428）
上櫃股進度：1000/1139（fetch_error 累計 0；finmind_price 快取檔數 1428）
上櫃股進度：1050/1139（fetch_error 累計 0；finmind_price 快取檔數 1428）
上櫃股進度：1100/1139（fetch_error 累計 0；finmind_price 快取檔數 1428）
[19/138] 2016-07 已寫入：data/snapshots\2016-07\universe.json
[20/138] 2016-08 已存在但版本過時（0007-v1 → 0007-v2），重建...
上櫃股進度：50/1139（fetch_error 累計 0；finmind_price 快取檔數 1428）
上櫃股進度：100/1139（fetch_error 累計 0；finmind_price 快取檔數 1428）
上櫃股進度：150/1139（fetch_error 累計 0；finmind_price 快取檔數 1428）
上櫃股進度：200/1139（fetch_error 累計 0；finmind_price 快取檔數 1428）
上櫃股進度：250/1139（fetch_error 累計 0；finmind_price 快取檔數 1428）
上櫃股進度：300/1139（fetch_error 累計 0；finmind_price 快取檔數 1428）
上櫃股進度：350/1139（fetch_error 累計 0；finmind_price 快取檔數 1428）
上櫃股進度：400/1139（fetch_error 累計 0；finmind_price 快取檔數 1428）
上櫃股進度：450/1139（fetch_error 累計 0；finmind_price 快取檔數 1428）
上櫃股進度：500/1139（fetch_error 累計 0；finmind_price 快取檔數 1428）
上櫃股進度：550/1139（fetch_error 累計 0；finmind_price 快取檔數 1428）
上櫃股進度：600/1139（fetch_error 累計 0；finmind_price 快取檔數 1428）
上櫃股進度：650/1139（fetch_error 累計 0；finmind_price 快取檔數 1428）
上櫃股進度：700/1139（fetch_error 累計 0；finmind_price 快取檔數 1428）
上櫃股進度：750/1139（fetch_error 累計 0；finmind_price 快取檔數 1428）
上櫃股進度：800/1139（fetch_error 累計 0；finmind_price 快取檔數 1428）
上櫃股進度：850/1139（fetch_error 累計 0；finmind_price 快取檔數 1428）
上櫃股進度：900/1139（fetch_error 累計 0；finmind_price 快取檔數 1428）
上櫃股進度：950/1139（fetch_error 累計 0；finmind_price 快取檔數 1428）
上櫃股進度：1000/1139（fetch_error 累計 0；finmind_price 快取檔數 1428）
上櫃股進度：1050/1139（fetch_error 累計 0；finmind_price 快取檔數 1428）
上櫃股進度：1100/1139（fetch_error 累計 0；finmind_price 快取檔數 1428）
[20/138] 2016-08 已寫入：data/snapshots\2016-08\universe.json
[21/138] 2016-09 已存在但版本過時（0007-v1 → 0007-v2），重建...
上櫃股進度：50/1139（fetch_error 累計 0；finmind_price 快取檔數 1428）
上櫃股進度：100/1139（fetch_error 累計 0；finmind_price 快取檔數 1428）
上櫃股進度：150/1139（fetch_error 累計 0；finmind_price 快取檔數 1428）
上櫃股進度：200/1139（fetch_error 累計 0；finmind_price 快取檔數 1428）
上櫃股進度：250/1139（fetch_error 累計 0；finmind_price 快取檔數 1428）
上櫃股進度：300/1139（fetch_error 累計 0；finmind_price 快取檔數 1428）
上櫃股進度：350/1139（fetch_error 累計 0；finmind_price 快取檔數 1428）
上櫃股進度：400/1139（fetch_error 累計 0；finmind_price 快取檔數 1428）
上櫃股進度：450/1139（fetch_error 累計 0；finmind_price 快取檔數 1428）
上櫃股進度：500/1139（fetch_error 累計 0；finmind_price 快取檔數 1428）
上櫃股進度：550/1139（fetch_error 累計 0；finmind_price 快取檔數 1428）
上櫃股進度：600/1139（fetch_error 累計 0；finmind_price 快取檔數 1428）
上櫃股進度：650/1139（fetch_error 累計 0；finmind_price 快取檔數 1428）
上櫃股進度：700/1139（fetch_error 累計 0；finmind_price 快取檔數 1428）
上櫃股進度：750/1139（fetch_error 累計 0；finmind_price 快取檔數 1428）
上櫃股進度：800/1139（fetch_error 累計 0；finmind_price 快取檔數 1428）
上櫃股進度：850/1139（fetch_error 累計 0；finmind_price 快取檔數 1428）
上櫃股進度：900/1139（fetch_error 累計 0；finmind_price 快取檔數 1428）
上櫃股進度：950/1139（fetch_error 累計 0；finmind_price 快取檔數 1428）
上櫃股進度：1000/1139（fetch_error 累計 0；finmind_price 快取檔數 1428）
上櫃股進度：1050/1139（fetch_error 累計 0；finmind_price 快取檔數 1428）
上櫃股進度：1100/1139（fetch_error 累計 0；finmind_price 快取檔數 1428）
[21/138] 2016-09 已寫入：data/snapshots\2016-09\universe.json
[22/138] 2016-10 已存在但版本過時（0007-v1 → 0007-v2），重建...
上櫃股進度：50/1139（fetch_error 累計 0；finmind_price 快取檔數 1428）
上櫃股進度：100/1139（fetch_error 累計 0；finmind_price 快取檔數 1428）
上櫃股進度：150/1139（fetch_error 累計 0；finmind_price 快取檔數 1428）
上櫃股進度：200/1139（fetch_error 累計 0；finmind_price 快取檔數 1428）
上櫃股進度：250/1139（fetch_error 累計 0；finmind_price 快取檔數 1428）
上櫃股進度：300/1139（fetch_error 累計 0；finmind_price 快取檔數 1428）
上櫃股進度：350/1139（fetch_error 累計 0；finmind_price 快取檔數 1428）
上櫃股進度：400/1139（fetch_error 累計 0；finmind_price 快取檔數 1428）
上櫃股進度：450/1139（fetch_error 累計 0；finmind_price 快取檔數 1428）
上櫃股進度：500/1139（fetch_error 累計 0；finmind_price 快取檔數 1428）
上櫃股進度：550/1139（fetch_error 累計 0；finmind_price 快取檔數 1428）
上櫃股進度：600/1139（fetch_error 累計 0；finmind_price 快取檔數 1428）
上櫃股進度：650/1139（fetch_error 累計 0；finmind_price 快取檔數 1428）
上櫃股進度：700/1139（fetch_error 累計 0；finmind_price 快取檔數 1428）
上櫃股進度：750/1139（fetch_error 累計 0；finmind_price 快取檔數 1428）
上櫃股進度：800/1139（fetch_error 累計 0；finmind_price 快取檔數 1428）
上櫃股進度：850/1139（fetch_error 累計 0；finmind_price 快取檔數 1428）
上櫃股進度：900/1139（fetch_error 累計 0；finmind_price 快取檔數 1428）
上櫃股進度：950/1139（fetch_error 累計 0；finmind_price 快取檔數 1428）
上櫃股進度：1000/1139（fetch_error 累計 0；finmind_price 快取檔數 1428）
上櫃股進度：1050/1139（fetch_error 累計 0；finmind_price 快取檔數 1428）
上櫃股進度：1100/1139（fetch_error 累計 0；finmind_price 快取檔數 1428）
[22/138] 2016-10 已寫入：data/snapshots\2016-10\universe.json
[23/138] 2016-11 已存在但版本過時（0007-v1 → 0007-v2），重建...
上櫃股進度：50/1139（fetch_error 累計 0；finmind_price 快取檔數 1428）
上櫃股進度：100/1139（fetch_error 累計 0；finmind_price 快取檔數 1428）
上櫃股進度：150/1139（fetch_error 累計 0；finmind_price 快取檔數 1428）
上櫃股進度：200/1139（fetch_error 累計 0；finmind_price 快取檔數 1428）
上櫃股進度：250/1139（fetch_error 累計 0；finmind_price 快取檔數 1428）
上櫃股進度：300/1139（fetch_error 累計 0；finmind_price 快取檔數 1428）
上櫃股進度：350/1139（fetch_error 累計 0；finmind_price 快取檔數 1428）
上櫃股進度：400/1139（fetch_error 累計 0；finmind_price 快取檔數 1428）
上櫃股進度：450/1139（fetch_error 累計 0；finmind_price 快取檔數 1428）
上櫃股進度：500/1139（fetch_error 累計 0；finmind_price 快取檔數 1428）
上櫃股進度：550/1139（fetch_error 累計 0；finmind_price 快取檔數 1428）
上櫃股進度：600/1139（fetch_error 累計 0；finmind_price 快取檔數 1428）
上櫃股進度：650/1139（fetch_error 累計 0；finmind_price 快取檔數 1428）
上櫃股進度：700/1139（fetch_error 累計 0；finmind_price 快取檔數 1428）
上櫃股進度：750/1139（fetch_error 累計 0；finmind_price 快取檔數 1428）
上櫃股進度：800/1139（fetch_error 累計 0；finmind_price 快取檔數 1428）
上櫃股進度：850/1139（fetch_error 累計 0；finmind_price 快取檔數 1428）
上櫃股進度：900/1139（fetch_error 累計 0；finmind_price 快取檔數 1428）
上櫃股進度：950/1139（fetch_error 累計 0；finmind_price 快取檔數 1428）
上櫃股進度：1000/1139（fetch_error 累計 0；finmind_price 快取檔數 1428）
上櫃股進度：1050/1139（fetch_error 累計 0；finmind_price 快取檔數 1428）
上櫃股進度：1100/1139（fetch_error 累計 0；finmind_price 快取檔數 1428）
[23/138] 2016-11 已寫入：data/snapshots\2016-11\universe.json
[24/138] 2016-12 已存在但版本過時（0007-v1 → 0007-v2），重建...
上櫃股進度：50/1139（fetch_error 累計 0；finmind_price 快取檔數 1428）
上櫃股進度：100/1139（fetch_error 累計 0；finmind_price 快取檔數 1428）
上櫃股進度：150/1139（fetch_error 累計 0；finmind_price 快取檔數 1428）
上櫃股進度：200/1139（fetch_error 累計 0；finmind_price 快取檔數 1428）
上櫃股進度：250/1139（fetch_error 累計 0；finmind_price 快取檔數 1428）
上櫃股進度：300/1139（fetch_error 累計 0；finmind_price 快取檔數 1428）
上櫃股進度：350/1139（fetch_error 累計 0；finmind_price 快取檔數 1428）
上櫃股進度：400/1139（fetch_error 累計 0；finmind_price 快取檔數 1428）
上櫃股進度：450/1139（fetch_error 累計 0；finmind_price 快取檔數 1428）
上櫃股進度：500/1139（fetch_error 累計 0；finmind_price 快取檔數 1428）
上櫃股進度：550/1139（fetch_error 累計 0；finmind_price 快取檔數 1428）
上櫃股進度：600/1139（fetch_error 累計 0；finmind_price 快取檔數 1428）
上櫃股進度：650/1139（fetch_error 累計 0；finmind_price 快取檔數 1428）
上櫃股進度：700/1139（fetch_error 累計 0；finmind_price 快取檔數 1428）
上櫃股進度：750/1139（fetch_error 累計 0；finmind_price 快取檔數 1428）
上櫃股進度：800/1139（fetch_error 累計 0；finmind_price 快取檔數 1428）
上櫃股進度：850/1139（fetch_error 累計 0；finmind_price 快取檔數 1428）
上櫃股進度：900/1139（fetch_error 累計 0；finmind_price 快取檔數 1428）
上櫃股進度：950/1139（fetch_error 累計 0；finmind_price 快取檔數 1428）
上櫃股進度：1000/1139（fetch_error 累計 0；finmind_price 快取檔數 1428）
上櫃股進度：1050/1139（fetch_error 累計 0；finmind_price 快取檔數 1428）
上櫃股進度：1100/1139（fetch_error 累計 0；finmind_price 快取檔數 1428）
[24/138] 2016-12 已寫入：data/snapshots\2016-12\universe.json
[25/138] 2017-01 已存在但版本過時（0007-v1 → 0007-v2），重建...
上櫃股進度：50/1139（fetch_error 累計 0；finmind_price 快取檔數 1428）
上櫃股進度：100/1139（fetch_error 累計 0；finmind_price 快取檔數 1428）
上櫃股進度：150/1139（fetch_error 累計 0；finmind_price 快取檔數 1428）
上櫃股進度：200/1139（fetch_error 累計 0；finmind_price 快取檔數 1428）
上櫃股進度：250/1139（fetch_error 累計 0；finmind_price 快取檔數 1428）
上櫃股進度：300/1139（fetch_error 累計 0；finmind_price 快取檔數 1428）
上櫃股進度：350/1139（fetch_error 累計 0；finmind_price 快取檔數 1428）
上櫃股進度：400/1139（fetch_error 累計 0；finmind_price 快取檔數 1428）
上櫃股進度：450/1139（fetch_error 累計 0；finmind_price 快取檔數 1428）
上櫃股進度：500/1139（fetch_error 累計 0；finmind_price 快取檔數 1428）
上櫃股進度：550/1139（fetch_error 累計 0；finmind_price 快取檔數 1428）
上櫃股進度：600/1139（fetch_error 累計 0；finmind_price 快取檔數 1428）
上櫃股進度：650/1139（fetch_error 累計 0；finmind_price 快取檔數 1428）
上櫃股進度：700/1139（fetch_error 累計 0；finmind_price 快取檔數 1428）
上櫃股進度：750/1139（fetch_error 累計 0；finmind_price 快取檔數 1428）
上櫃股進度：800/1139（fetch_error 累計 0；finmind_price 快取檔數 1428）
上櫃股進度：850/1139（fetch_error 累計 0；finmind_price 快取檔數 1428）
上櫃股進度：900/1139（fetch_error 累計 0；finmind_price 快取檔數 1428）
上櫃股進度：950/1139（fetch_error 累計 0；finmind_price 快取檔數 1428）
上櫃股進度：1000/1139（fetch_error 累計 0；finmind_price 快取檔數 1428）
上櫃股進度：1050/1139（fetch_error 累計 0；finmind_price 快取檔數 1428）
上櫃股進度：1100/1139（fetch_error 累計 0；finmind_price 快取檔數 1428）
[25/138] 2017-01 已寫入：data/snapshots\2017-01\universe.json
[26/138] 2017-02 已存在但版本過時（0007-v1 → 0007-v2），重建...
上櫃股進度：50/1139（fetch_error 累計 0；finmind_price 快取檔數 1428）
上櫃股進度：100/1139（fetch_error 累計 0；finmind_price 快取檔數 1428）
上櫃股進度：150/1139（fetch_error 累計 0；finmind_price 快取檔數 1428）
上櫃股進度：200/1139（fetch_error 累計 0；finmind_price 快取檔數 1428）
上櫃股進度：250/1139（fetch_error 累計 0；finmind_price 快取檔數 1428）
上櫃股進度：300/1139（fetch_error 累計 0；finmind_price 快取檔數 1428）
上櫃股進度：350/1139（fetch_error 累計 0；finmind_price 快取檔數 1428）
上櫃股進度：400/1139（fetch_error 累計 0；finmind_price 快取檔數 1428）
上櫃股進度：450/1139（fetch_error 累計 0；finmind_price 快取檔數 1428）
上櫃股進度：500/1139（fetch_error 累計 0；finmind_price 快取檔數 1428）
上櫃股進度：550/1139（fetch_error 累計 0；finmind_price 快取檔數 1428）
上櫃股進度：600/1139（fetch_error 累計 0；finmind_price 快取檔數 1428）
上櫃股進度：650/1139（fetch_error 累計 0；finmind_price 快取檔數 1428）
上櫃股進度：700/1139（fetch_error 累計 0；finmind_price 快取檔數 1428）
上櫃股進度：750/1139（fetch_error 累計 0；finmind_price 快取檔數 1428）
上櫃股進度：800/1139（fetch_error 累計 0；finmind_price 快取檔數 1428）
上櫃股進度：850/1139（fetch_error 累計 0；finmind_price 快取檔數 1428）
上櫃股進度：900/1139（fetch_error 累計 0；finmind_price 快取檔數 1428）
上櫃股進度：950/1139（fetch_error 累計 0；finmind_price 快取檔數 1428）
上櫃股進度：1000/1139（fetch_error 累計 0；finmind_price 快取檔數 1428）
上櫃股進度：1050/1139（fetch_error 累計 0；finmind_price 快取檔數 1428）
上櫃股進度：1100/1139（fetch_error 累計 0；finmind_price 快取檔數 1428）
[26/138] 2017-02 已寫入：data/snapshots\2017-02\universe.json
[27/138] 2017-03 已存在但版本過時（0007-v1 → 0007-v2），重建...
上櫃股進度：50/1139（fetch_error 累計 0；finmind_price 快取檔數 1428）
上櫃股進度：100/1139（fetch_error 累計 0；finmind_price 快取檔數 1428）
上櫃股進度：150/1139（fetch_error 累計 0；finmind_price 快取檔數 1428）
上櫃股進度：200/1139（fetch_error 累計 0；finmind_price 快取檔數 1428）
上櫃股進度：250/1139（fetch_error 累計 0；finmind_price 快取檔數 1428）
上櫃股進度：300/1139（fetch_error 累計 0；finmind_price 快取檔數 1428）
上櫃股進度：350/1139（fetch_error 累計 0；finmind_price 快取檔數 1428）
上櫃股進度：400/1139（fetch_error 累計 0；finmind_price 快取檔數 1428）
上櫃股進度：450/1139（fetch_error 累計 0；finmind_price 快取檔數 1428）
上櫃股進度：500/1139（fetch_error 累計 0；finmind_price 快取檔數 1428）
上櫃股進度：550/1139（fetch_error 累計 0；finmind_price 快取檔數 1428）
上櫃股進度：600/1139（fetch_error 累計 0；finmind_price 快取檔數 1428）
上櫃股進度：650/1139（fetch_error 累計 0；finmind_price 快取檔數 1428）
上櫃股進度：700/1139（fetch_error 累計 0；finmind_price 快取檔數 1428）
上櫃股進度：750/1139（fetch_error 累計 0；finmind_price 快取檔數 1428）
上櫃股進度：800/1139（fetch_error 累計 0；finmind_price 快取檔數 1428）
上櫃股進度：850/1139（fetch_error 累計 0；finmind_price 快取檔數 1428）
上櫃股進度：900/1139（fetch_error 累計 0；finmind_price 快取檔數 1428）
上櫃股進度：950/1139（fetch_error 累計 0；finmind_price 快取檔數 1428）
上櫃股進度：1000/1139（fetch_error 累計 0；finmind_price 快取檔數 1428）
上櫃股進度：1050/1139（fetch_error 累計 0；finmind_price 快取檔數 1428）
上櫃股進度：1100/1139（fetch_error 累計 0；finmind_price 快取檔數 1428）
[27/138] 2017-03 已寫入：data/snapshots\2017-03\universe.json
[28/138] 2017-04 已存在但版本過時（0007-v1 → 0007-v2），重建...
上櫃股進度：50/1139（fetch_error 累計 0；finmind_price 快取檔數 1428）
上櫃股進度：100/1139（fetch_error 累計 0；finmind_price 快取檔數 1428）
上櫃股進度：150/1139（fetch_error 累計 0；finmind_price 快取檔數 1428）
上櫃股進度：200/1139（fetch_error 累計 0；finmind_price 快取檔數 1428）
上櫃股進度：250/1139（fetch_error 累計 0；finmind_price 快取檔數 1428）
上櫃股進度：300/1139（fetch_error 累計 0；finmind_price 快取檔數 1428）
上櫃股進度：350/1139（fetch_error 累計 0；finmind_price 快取檔數 1428）
上櫃股進度：400/1139（fetch_error 累計 0；finmind_price 快取檔數 1428）
上櫃股進度：450/1139（fetch_error 累計 0；finmind_price 快取檔數 1428）
上櫃股進度：500/1139（fetch_error 累計 0；finmind_price 快取檔數 1428）
上櫃股進度：550/1139（fetch_error 累計 0；finmind_price 快取檔數 1428）
上櫃股進度：600/1139（fetch_error 累計 0；finmind_price 快取檔數 1428）
上櫃股進度：650/1139（fetch_error 累計 0；finmind_price 快取檔數 1428）
上櫃股進度：700/1139（fetch_error 累計 0；finmind_price 快取檔數 1428）
上櫃股進度：750/1139（fetch_error 累計 0；finmind_price 快取檔數 1428）
上櫃股進度：800/1139（fetch_error 累計 0；finmind_price 快取檔數 1428）
上櫃股進度：850/1139（fetch_error 累計 0；finmind_price 快取檔數 1428）
上櫃股進度：900/1139（fetch_error 累計 0；finmind_price 快取檔數 1428）
上櫃股進度：950/1139（fetch_error 累計 0；finmind_price 快取檔數 1428）
上櫃股進度：1000/1139（fetch_error 累計 0；finmind_price 快取檔數 1428）
上櫃股進度：1050/1139（fetch_error 累計 0；finmind_price 快取檔數 1428）
上櫃股進度：1100/1139（fetch_error 累計 0；finmind_price 快取檔數 1428）
[28/138] 2017-04 已寫入：data/snapshots\2017-04\universe.json
[29/138] 2017-05 已存在但版本過時（0007-v1 → 0007-v2），重建...
上櫃股進度：50/1139（fetch_error 累計 0；finmind_price 快取檔數 1428）
上櫃股進度：100/1139（fetch_error 累計 0；finmind_price 快取檔數 1428）
上櫃股進度：150/1139（fetch_error 累計 0；finmind_price 快取檔數 1428）
上櫃股進度：200/1139（fetch_error 累計 0；finmind_price 快取檔數 1428）
上櫃股進度：250/1139（fetch_error 累計 0；finmind_price 快取檔數 1428）
上櫃股進度：300/1139（fetch_error 累計 0；finmind_price 快取檔數 1428）
上櫃股進度：350/1139（fetch_error 累計 0；finmind_price 快取檔數 1428）
上櫃股進度：400/1139（fetch_error 累計 0；finmind_price 快取檔數 1428）
上櫃股進度：450/1139（fetch_error 累計 0；finmind_price 快取檔數 1428）
上櫃股進度：500/1139（fetch_error 累計 0；finmind_price 快取檔數 1428）
上櫃股進度：550/1139（fetch_error 累計 0；finmind_price 快取檔數 1428）
上櫃股進度：600/1139（fetch_error 累計 0；finmind_price 快取檔數 1428）
上櫃股進度：650/1139（fetch_error 累計 0；finmind_price 快取檔數 1428）
上櫃股進度：700/1139（fetch_error 累計 0；finmind_price 快取檔數 1428）
上櫃股進度：750/1139（fetch_error 累計 0；finmind_price 快取檔數 1428）
上櫃股進度：800/1139（fetch_error 累計 0；finmind_price 快取檔數 1428）
上櫃股進度：850/1139（fetch_error 累計 0；finmind_price 快取檔數 1428）
上櫃股進度：900/1139（fetch_error 累計 0；finmind_price 快取檔數 1428）
上櫃股進度：950/1139（fetch_error 累計 0；finmind_price 快取檔數 1428）
上櫃股進度：1000/1139（fetch_error 累計 0；finmind_price 快取檔數 1428）
上櫃股進度：1050/1139（fetch_error 累計 0；finmind_price 快取檔數 1428）
上櫃股進度：1100/1139（fetch_error 累計 0；finmind_price 快取檔數 1428）
[29/138] 2017-05 已寫入：data/snapshots\2017-05\universe.json
[30/138] 2017-06 已存在但版本過時（0007-v1 → 0007-v2），重建...
上櫃股進度：50/1139（fetch_error 累計 0；finmind_price 快取檔數 1428）
上櫃股進度：100/1139（fetch_error 累計 0；finmind_price 快取檔數 1428）
上櫃股進度：150/1139（fetch_error 累計 0；finmind_price 快取檔數 1428）
上櫃股進度：200/1139（fetch_error 累計 0；finmind_price 快取檔數 1428）
上櫃股進度：250/1139（fetch_error 累計 0；finmind_price 快取檔數 1428）
上櫃股進度：300/1139（fetch_error 累計 0；finmind_price 快取檔數 1428）
上櫃股進度：350/1139（fetch_error 累計 0；finmind_price 快取檔數 1428）
上櫃股進度：400/1139（fetch_error 累計 0；finmind_price 快取檔數 1428）
上櫃股進度：450/1139（fetch_error 累計 0；finmind_price 快取檔數 1428）
上櫃股進度：500/1139（fetch_error 累計 0；finmind_price 快取檔數 1428）
上櫃股進度：550/1139（fetch_error 累計 0；finmind_price 快取檔數 1428）
上櫃股進度：600/1139（fetch_error 累計 0；finmind_price 快取檔數 1428）
上櫃股進度：650/1139（fetch_error 累計 0；finmind_price 快取檔數 1428）
上櫃股進度：700/1139（fetch_error 累計 0；finmind_price 快取檔數 1428）
上櫃股進度：750/1139（fetch_error 累計 0；finmind_price 快取檔數 1428）
上櫃股進度：800/1139（fetch_error 累計 0；finmind_price 快取檔數 1428）
上櫃股進度：850/1139（fetch_error 累計 0；finmind_price 快取檔數 1428）
上櫃股進度：900/1139（fetch_error 累計 0；finmind_price 快取檔數 1428）
上櫃股進度：950/1139（fetch_error 累計 0；finmind_price 快取檔數 1428）
上櫃股進度：1000/1139（fetch_error 累計 0；finmind_price 快取檔數 1428）
上櫃股進度：1050/1139（fetch_error 累計 0；finmind_price 快取檔數 1428）
上櫃股進度：1100/1139（fetch_error 累計 0；finmind_price 快取檔數 1428）
[30/138] 2017-06 已寫入：data/snapshots\2017-06\universe.json
[31/138] 2017-07 已存在但版本過時（0007-v1 → 0007-v2），重建...
上櫃股進度：50/1139（fetch_error 累計 0；finmind_price 快取檔數 1428）
上櫃股進度：100/1139（fetch_error 累計 0；finmind_price 快取檔數 1428）
上櫃股進度：150/1139（fetch_error 累計 0；finmind_price 快取檔數 1428）
上櫃股進度：200/1139（fetch_error 累計 0；finmind_price 快取檔數 1428）
上櫃股進度：250/1139（fetch_error 累計 0；finmind_price 快取檔數 1428）
上櫃股進度：300/1139（fetch_error 累計 0；finmind_price 快取檔數 1428）
上櫃股進度：350/1139（fetch_error 累計 0；finmind_price 快取檔數 1428）
上櫃股進度：400/1139（fetch_error 累計 0；finmind_price 快取檔數 1428）
上櫃股進度：450/1139（fetch_error 累計 0；finmind_price 快取檔數 1428）
上櫃股進度：500/1139（fetch_error 累計 0；finmind_price 快取檔數 1428）
上櫃股進度：550/1139（fetch_error 累計 0；finmind_price 快取檔數 1428）
上櫃股進度：600/1139（fetch_error 累計 0；finmind_price 快取檔數 1428）
上櫃股進度：650/1139（fetch_error 累計 0；finmind_price 快取檔數 1428）
上櫃股進度：700/1139（fetch_error 累計 0；finmind_price 快取檔數 1428）
上櫃股進度：750/1139（fetch_error 累計 0；finmind_price 快取檔數 1428）
上櫃股進度：800/1139（fetch_error 累計 0；finmind_price 快取檔數 1428）
上櫃股進度：850/1139（fetch_error 累計 0；finmind_price 快取檔數 1428）
上櫃股進度：900/1139（fetch_error 累計 0；finmind_price 快取檔數 1428）
上櫃股進度：950/1139（fetch_error 累計 0；finmind_price 快取檔數 1428）
上櫃股進度：1000/1139（fetch_error 累計 0；finmind_price 快取檔數 1428）
上櫃股進度：1050/1139（fetch_error 累計 0；finmind_price 快取檔數 1428）
上櫃股進度：1100/1139（fetch_error 累計 0；finmind_price 快取檔數 1428）
[31/138] 2017-07 已寫入：data/snapshots\2017-07\universe.json
[32/138] 2017-08 已存在但版本過時（0007-v1 → 0007-v2），重建...
上櫃股進度：50/1139（fetch_error 累計 0；finmind_price 快取檔數 1428）
上櫃股進度：100/1139（fetch_error 累計 0；finmind_price 快取檔數 1428）
上櫃股進度：150/1139（fetch_error 累計 0；finmind_price 快取檔數 1428）
上櫃股進度：200/1139（fetch_error 累計 0；finmind_price 快取檔數 1428）
上櫃股進度：250/1139（fetch_error 累計 0；finmind_price 快取檔數 1428）
上櫃股進度：300/1139（fetch_error 累計 0；finmind_price 快取檔數 1428）
上櫃股進度：350/1139（fetch_error 累計 0；finmind_price 快取檔數 1428）
上櫃股進度：400/1139（fetch_error 累計 0；finmind_price 快取檔數 1428）
上櫃股進度：450/1139（fetch_error 累計 0；finmind_price 快取檔數 1428）
上櫃股進度：500/1139（fetch_error 累計 0；finmind_price 快取檔數 1428）
上櫃股進度：550/1139（fetch_error 累計 0；finmind_price 快取檔數 1428）
上櫃股進度：600/1139（fetch_error 累計 0；finmind_price 快取檔數 1428）
上櫃股進度：650/1139（fetch_error 累計 0；finmind_price 快取檔數 1428）
上櫃股進度：700/1139（fetch_error 累計 0；finmind_price 快取檔數 1428）
上櫃股進度：750/1139（fetch_error 累計 0；finmind_price 快取檔數 1428）
上櫃股進度：800/1139（fetch_error 累計 0；finmind_price 快取檔數 1428）
上櫃股進度：850/1139（fetch_error 累計 0；finmind_price 快取檔數 1428）
上櫃股進度：900/1139（fetch_error 累計 0；finmind_price 快取檔數 1428）
上櫃股進度：950/1139（fetch_error 累計 0；finmind_price 快取檔數 1428）
上櫃股進度：1000/1139（fetch_error 累計 0；finmind_price 快取檔數 1428）
上櫃股進度：1050/1139（fetch_error 累計 0；finmind_price 快取檔數 1428）
上櫃股進度：1100/1139（fetch_error 累計 0；finmind_price 快取檔數 1428）
[32/138] 2017-08 已寫入：data/snapshots\2017-08\universe.json
[33/138] 2017-09 已存在但版本過時（0007-v1 → 0007-v2），重建...
上櫃股進度：50/1139（fetch_error 累計 0；finmind_price 快取檔數 1428）
上櫃股進度：100/1139（fetch_error 累計 0；finmind_price 快取檔數 1428）
上櫃股進度：150/1139（fetch_error 累計 0；finmind_price 快取檔數 1428）
上櫃股進度：200/1139（fetch_error 累計 0；finmind_price 快取檔數 1428）
上櫃股進度：250/1139（fetch_error 累計 0；finmind_price 快取檔數 1428）
上櫃股進度：300/1139（fetch_error 累計 0；finmind_price 快取檔數 1428）
上櫃股進度：350/1139（fetch_error 累計 0；finmind_price 快取檔數 1428）
上櫃股進度：400/1139（fetch_error 累計 0；finmind_price 快取檔數 1428）
上櫃股進度：450/1139（fetch_error 累計 0；finmind_price 快取檔數 1428）
上櫃股進度：500/1139（fetch_error 累計 0；finmind_price 快取檔數 1428）
上櫃股進度：550/1139（fetch_error 累計 0；finmind_price 快取檔數 1428）
上櫃股進度：600/1139（fetch_error 累計 0；finmind_price 快取檔數 1428）
上櫃股進度：650/1139（fetch_error 累計 0；finmind_price 快取檔數 1428）
上櫃股進度：700/1139（fetch_error 累計 0；finmind_price 快取檔數 1428）
上櫃股進度：750/1139（fetch_error 累計 0；finmind_price 快取檔數 1428）
上櫃股進度：800/1139（fetch_error 累計 0；finmind_price 快取檔數 1428）
上櫃股進度：850/1139（fetch_error 累計 0；finmind_price 快取檔數 1428）
上櫃股進度：900/1139（fetch_error 累計 0；finmind_price 快取檔數 1428）
上櫃股進度：950/1139（fetch_error 累計 0；finmind_price 快取檔數 1428）
上櫃股進度：1000/1139（fetch_error 累計 0；finmind_price 快取檔數 1428）
上櫃股進度：1050/1139（fetch_error 累計 0；finmind_price 快取檔數 1428）
上櫃股進度：1100/1139（fetch_error 累計 0；finmind_price 快取檔數 1428）
[33/138] 2017-09 已寫入：data/snapshots\2017-09\universe.json
[34/138] 2017-10 已存在但版本過時（0007-v1 → 0007-v2），重建...
上櫃股進度：50/1139（fetch_error 累計 0；finmind_price 快取檔數 1428）
上櫃股進度：100/1139（fetch_error 累計 0；finmind_price 快取檔數 1428）
上櫃股進度：150/1139（fetch_error 累計 0；finmind_price 快取檔數 1428）
上櫃股進度：200/1139（fetch_error 累計 0；finmind_price 快取檔數 1428）
上櫃股進度：250/1139（fetch_error 累計 0；finmind_price 快取檔數 1428）
上櫃股進度：300/1139（fetch_error 累計 0；finmind_price 快取檔數 1428）
上櫃股進度：350/1139（fetch_error 累計 0；finmind_price 快取檔數 1428）
上櫃股進度：400/1139（fetch_error 累計 0；finmind_price 快取檔數 1428）
上櫃股進度：450/1139（fetch_error 累計 0；finmind_price 快取檔數 1428）
上櫃股進度：500/1139（fetch_error 累計 0；finmind_price 快取檔數 1428）
上櫃股進度：550/1139（fetch_error 累計 0；finmind_price 快取檔數 1428）
上櫃股進度：600/1139（fetch_error 累計 0；finmind_price 快取檔數 1428）
上櫃股進度：650/1139（fetch_error 累計 0；finmind_price 快取檔數 1428）
上櫃股進度：700/1139（fetch_error 累計 0；finmind_price 快取檔數 1428）
上櫃股進度：750/1139（fetch_error 累計 0；finmind_price 快取檔數 1428）
上櫃股進度：800/1139（fetch_error 累計 0；finmind_price 快取檔數 1428）
上櫃股進度：850/1139（fetch_error 累計 0；finmind_price 快取檔數 1428）
上櫃股進度：900/1139（fetch_error 累計 0；finmind_price 快取檔數 1428）
上櫃股進度：950/1139（fetch_error 累計 0；finmind_price 快取檔數 1428）
上櫃股進度：1000/1139（fetch_error 累計 0；finmind_price 快取檔數 1428）
上櫃股進度：1050/1139（fetch_error 累計 0；finmind_price 快取檔數 1428）
上櫃股進度：1100/1139（fetch_error 累計 0；finmind_price 快取檔數 1428）
[34/138] 2017-10 已寫入：data/snapshots\2017-10\universe.json
[35/138] 2017-11 已存在但版本過時（0007-v1 → 0007-v2），重建...
上櫃股進度：50/1139（fetch_error 累計 0；finmind_price 快取檔數 1428）
上櫃股進度：100/1139（fetch_error 累計 0；finmind_price 快取檔數 1428）
上櫃股進度：150/1139（fetch_error 累計 0；finmind_price 快取檔數 1428）
上櫃股進度：200/1139（fetch_error 累計 0；finmind_price 快取檔數 1428）
上櫃股進度：250/1139（fetch_error 累計 0；finmind_price 快取檔數 1428）
上櫃股進度：300/1139（fetch_error 累計 0；finmind_price 快取檔數 1428）
上櫃股進度：350/1139（fetch_error 累計 0；finmind_price 快取檔數 1428）
上櫃股進度：400/1139（fetch_error 累計 0；finmind_price 快取檔數 1428）
上櫃股進度：450/1139（fetch_error 累計 0；finmind_price 快取檔數 1428）
上櫃股進度：500/1139（fetch_error 累計 0；finmind_price 快取檔數 1428）
上櫃股進度：550/1139（fetch_error 累計 0；finmind_price 快取檔數 1428）
上櫃股進度：600/1139（fetch_error 累計 0；finmind_price 快取檔數 1428）
上櫃股進度：650/1139（fetch_error 累計 0；finmind_price 快取檔數 1428）
上櫃股進度：700/1139（fetch_error 累計 0；finmind_price 快取檔數 1428）
上櫃股進度：750/1139（fetch_error 累計 0；finmind_price 快取檔數 1428）
上櫃股進度：800/1139（fetch_error 累計 0；finmind_price 快取檔數 1428）
上櫃股進度：850/1139（fetch_error 累計 0；finmind_price 快取檔數 1428）
上櫃股進度：900/1139（fetch_error 累計 0；finmind_price 快取檔數 1428）
上櫃股進度：950/1139（fetch_error 累計 0；finmind_price 快取檔數 1428）
上櫃股進度：1000/1139（fetch_error 累計 0；finmind_price 快取檔數 1428）
上櫃股進度：1050/1139（fetch_error 累計 0；finmind_price 快取檔數 1428）
上櫃股進度：1100/1139（fetch_error 累計 0；finmind_price 快取檔數 1428）
[35/138] 2017-11 已寫入：data/snapshots\2017-11\universe.json
[36/138] 2017-12 已存在但版本過時（0007-v1 → 0007-v2），重建...
上櫃股進度：50/1139（fetch_error 累計 0；finmind_price 快取檔數 1428）
上櫃股進度：100/1139（fetch_error 累計 0；finmind_price 快取檔數 1428）
上櫃股進度：150/1139（fetch_error 累計 0；finmind_price 快取檔數 1428）
上櫃股進度：200/1139（fetch_error 累計 0；finmind_price 快取檔數 1428）
上櫃股進度：250/1139（fetch_error 累計 0；finmind_price 快取檔數 1428）
上櫃股進度：300/1139（fetch_error 累計 0；finmind_price 快取檔數 1428）
上櫃股進度：350/1139（fetch_error 累計 0；finmind_price 快取檔數 1428）
上櫃股進度：400/1139（fetch_error 累計 0；finmind_price 快取檔數 1428）
上櫃股進度：450/1139（fetch_error 累計 0；finmind_price 快取檔數 1428）
上櫃股進度：500/1139（fetch_error 累計 0；finmind_price 快取檔數 1428）
上櫃股進度：550/1139（fetch_error 累計 0；finmind_price 快取檔數 1428）
上櫃股進度：600/1139（fetch_error 累計 0；finmind_price 快取檔數 1428）
上櫃股進度：650/1139（fetch_error 累計 0；finmind_price 快取檔數 1428）
上櫃股進度：700/1139（fetch_error 累計 0；finmind_price 快取檔數 1428）
上櫃股進度：750/1139（fetch_error 累計 0；finmind_price 快取檔數 1428）
上櫃股進度：800/1139（fetch_error 累計 0；finmind_price 快取檔數 1428）
上櫃股進度：850/1139（fetch_error 累計 0；finmind_price 快取檔數 1428）
上櫃股進度：900/1139（fetch_error 累計 0；finmind_price 快取檔數 1428）
上櫃股進度：950/1139（fetch_error 累計 0；finmind_price 快取檔數 1428）
上櫃股進度：1000/1139（fetch_error 累計 0；finmind_price 快取檔數 1428）
上櫃股進度：1050/1139（fetch_error 累計 0；finmind_price 快取檔數 1428）
上櫃股進度：1100/1139（fetch_error 累計 0；finmind_price 快取檔數 1428）
[36/138] 2017-12 已寫入：data/snapshots\2017-12\universe.json
[37/138] 2018-01 已存在但版本過時（0007-v1 → 0007-v2），重建...
上櫃股進度：50/1139（fetch_error 累計 0；finmind_price 快取檔數 1428）
上櫃股進度：100/1139（fetch_error 累計 0；finmind_price 快取檔數 1428）
上櫃股進度：150/1139（fetch_error 累計 0；finmind_price 快取檔數 1428）
上櫃股進度：200/1139（fetch_error 累計 0；finmind_price 快取檔數 1428）
上櫃股進度：250/1139（fetch_error 累計 0；finmind_price 快取檔數 1428）
上櫃股進度：300/1139（fetch_error 累計 0；finmind_price 快取檔數 1428）
上櫃股進度：350/1139（fetch_error 累計 0；finmind_price 快取檔數 1428）
上櫃股進度：400/1139（fetch_error 累計 0；finmind_price 快取檔數 1428）
上櫃股進度：450/1139（fetch_error 累計 0；finmind_price 快取檔數 1428）
上櫃股進度：500/1139（fetch_error 累計 0；finmind_price 快取檔數 1428）
上櫃股進度：550/1139（fetch_error 累計 0；finmind_price 快取檔數 1428）
上櫃股進度：600/1139（fetch_error 累計 0；finmind_price 快取檔數 1428）
上櫃股進度：650/1139（fetch_error 累計 0；finmind_price 快取檔數 1428）
上櫃股進度：700/1139（fetch_error 累計 0；finmind_price 快取檔數 1428）
上櫃股進度：750/1139（fetch_error 累計 0；finmind_price 快取檔數 1428）
上櫃股進度：800/1139（fetch_error 累計 0；finmind_price 快取檔數 1428）
上櫃股進度：850/1139（fetch_error 累計 0；finmind_price 快取檔數 1428）
上櫃股進度：900/1139（fetch_error 累計 0；finmind_price 快取檔數 1428）
上櫃股進度：950/1139（fetch_error 累計 0；finmind_price 快取檔數 1428）
上櫃股進度：1000/1139（fetch_error 累計 0；finmind_price 快取檔數 1428）
上櫃股進度：1050/1139（fetch_error 累計 0；finmind_price 快取檔數 1428）
上櫃股進度：1100/1139（fetch_error 累計 0；finmind_price 快取檔數 1428）
[37/138] 2018-01 已寫入：data/snapshots\2018-01\universe.json
[38/138] 2018-02 已存在但版本過時（0007-v1 → 0007-v2），重建...
上櫃股進度：50/1139（fetch_error 累計 0；finmind_price 快取檔數 1428）
上櫃股進度：100/1139（fetch_error 累計 0；finmind_price 快取檔數 1428）
上櫃股進度：150/1139（fetch_error 累計 0；finmind_price 快取檔數 1428）
上櫃股進度：200/1139（fetch_error 累計 0；finmind_price 快取檔數 1428）
上櫃股進度：250/1139（fetch_error 累計 0；finmind_price 快取檔數 1428）
上櫃股進度：300/1139（fetch_error 累計 0；finmind_price 快取檔數 1428）
上櫃股進度：350/1139（fetch_error 累計 0；finmind_price 快取檔數 1428）
上櫃股進度：400/1139（fetch_error 累計 0；finmind_price 快取檔數 1428）
上櫃股進度：450/1139（fetch_error 累計 0；finmind_price 快取檔數 1428）
上櫃股進度：500/1139（fetch_error 累計 0；finmind_price 快取檔數 1428）
上櫃股進度：550/1139（fetch_error 累計 0；finmind_price 快取檔數 1428）
上櫃股進度：600/1139（fetch_error 累計 0；finmind_price 快取檔數 1428）
上櫃股進度：650/1139（fetch_error 累計 0；finmind_price 快取檔數 1428）
上櫃股進度：700/1139（fetch_error 累計 0；finmind_price 快取檔數 1428）
上櫃股進度：750/1139（fetch_error 累計 0；finmind_price 快取檔數 1428）
上櫃股進度：800/1139（fetch_error 累計 0；finmind_price 快取檔數 1428）
上櫃股進度：850/1139（fetch_error 累計 0；finmind_price 快取檔數 1428）
上櫃股進度：900/1139（fetch_error 累計 0；finmind_price 快取檔數 1428）
上櫃股進度：950/1139（fetch_error 累計 0；finmind_price 快取檔數 1428）
上櫃股進度：1000/1139（fetch_error 累計 0；finmind_price 快取檔數 1428）
上櫃股進度：1050/1139（fetch_error 累計 0；finmind_price 快取檔數 1428）
上櫃股進度：1100/1139（fetch_error 累計 0；finmind_price 快取檔數 1428）
[38/138] 2018-02 已寫入：data/snapshots\2018-02\universe.json
[39/138] 2018-03 已存在但版本過時（0007-v1 → 0007-v2），重建...
上櫃股進度：50/1139（fetch_error 累計 0；finmind_price 快取檔數 1428）
上櫃股進度：100/1139（fetch_error 累計 0；finmind_price 快取檔數 1428）
上櫃股進度：150/1139（fetch_error 累計 0；finmind_price 快取檔數 1428）
上櫃股進度：200/1139（fetch_error 累計 0；finmind_price 快取檔數 1428）
上櫃股進度：250/1139（fetch_error 累計 0；finmind_price 快取檔數 1428）
上櫃股進度：300/1139（fetch_error 累計 0；finmind_price 快取檔數 1428）
上櫃股進度：350/1139（fetch_error 累計 0；finmind_price 快取檔數 1428）
上櫃股進度：400/1139（fetch_error 累計 0；finmind_price 快取檔數 1428）
上櫃股進度：450/1139（fetch_error 累計 0；finmind_price 快取檔數 1428）
上櫃股進度：500/1139（fetch_error 累計 0；finmind_price 快取檔數 1428）
上櫃股進度：550/1139（fetch_error 累計 0；finmind_price 快取檔數 1428）
上櫃股進度：600/1139（fetch_error 累計 0；finmind_price 快取檔數 1428）
上櫃股進度：650/1139（fetch_error 累計 0；finmind_price 快取檔數 1428）
上櫃股進度：700/1139（fetch_error 累計 0；finmind_price 快取檔數 1428）
上櫃股進度：750/1139（fetch_error 累計 0；finmind_price 快取檔數 1428）
上櫃股進度：800/1139（fetch_error 累計 0；finmind_price 快取檔數 1428）
上櫃股進度：850/1139（fetch_error 累計 0；finmind_price 快取檔數 1428）
上櫃股進度：900/1139（fetch_error 累計 0；finmind_price 快取檔數 1428）
上櫃股進度：950/1139（fetch_error 累計 0；finmind_price 快取檔數 1428）
上櫃股進度：1000/1139（fetch_error 累計 0；finmind_price 快取檔數 1428）
上櫃股進度：1050/1139（fetch_error 累計 0；finmind_price 快取檔數 1428）
上櫃股進度：1100/1139（fetch_error 累計 0；finmind_price 快取檔數 1428）
[39/138] 2018-03 已寫入：data/snapshots\2018-03\universe.json
[40/138] 2018-04 已存在但版本過時（0007-v1 → 0007-v2），重建...
上櫃股進度：50/1139（fetch_error 累計 0；finmind_price 快取檔數 1428）
上櫃股進度：100/1139（fetch_error 累計 0；finmind_price 快取檔數 1428）
上櫃股進度：150/1139（fetch_error 累計 0；finmind_price 快取檔數 1428）
上櫃股進度：200/1139（fetch_error 累計 0；finmind_price 快取檔數 1428）
上櫃股進度：250/1139（fetch_error 累計 0；finmind_price 快取檔數 1428）
上櫃股進度：300/1139（fetch_error 累計 0；finmind_price 快取檔數 1428）
上櫃股進度：350/1139（fetch_error 累計 0；finmind_price 快取檔數 1428）
上櫃股進度：400/1139（fetch_error 累計 0；finmind_price 快取檔數 1428）
上櫃股進度：450/1139（fetch_error 累計 0；finmind_price 快取檔數 1428）
上櫃股進度：500/1139（fetch_error 累計 0；finmind_price 快取檔數 1428）
上櫃股進度：550/1139（fetch_error 累計 0；finmind_price 快取檔數 1428）
上櫃股進度：600/1139（fetch_error 累計 0；finmind_price 快取檔數 1428）
上櫃股進度：650/1139（fetch_error 累計 0；finmind_price 快取檔數 1428）
上櫃股進度：700/1139（fetch_error 累計 0；finmind_price 快取檔數 1428）
上櫃股進度：750/1139（fetch_error 累計 0；finmind_price 快取檔數 1428）
上櫃股進度：800/1139（fetch_error 累計 0；finmind_price 快取檔數 1428）
上櫃股進度：850/1139（fetch_error 累計 0；finmind_price 快取檔數 1428）
上櫃股進度：900/1139（fetch_error 累計 0；finmind_price 快取檔數 1428）
上櫃股進度：950/1139（fetch_error 累計 0；finmind_price 快取檔數 1428）
上櫃股進度：1000/1139（fetch_error 累計 0；finmind_price 快取檔數 1428）
上櫃股進度：1050/1139（fetch_error 累計 0；finmind_price 快取檔數 1428）
上櫃股進度：1100/1139（fetch_error 累計 0；finmind_price 快取檔數 1428）
[40/138] 2018-04 已寫入：data/snapshots\2018-04\universe.json
[41/138] 2018-05 已存在但版本過時（0007-v1 → 0007-v2），重建...
上櫃股進度：50/1139（fetch_error 累計 0；finmind_price 快取檔數 1428）
上櫃股進度：100/1139（fetch_error 累計 0；finmind_price 快取檔數 1428）
上櫃股進度：150/1139（fetch_error 累計 0；finmind_price 快取檔數 1428）
上櫃股進度：200/1139（fetch_error 累計 0；finmind_price 快取檔數 1428）
上櫃股進度：250/1139（fetch_error 累計 0；finmind_price 快取檔數 1428）
上櫃股進度：300/1139（fetch_error 累計 0；finmind_price 快取檔數 1428）
上櫃股進度：350/1139（fetch_error 累計 0；finmind_price 快取檔數 1428）
上櫃股進度：400/1139（fetch_error 累計 0；finmind_price 快取檔數 1428）
上櫃股進度：450/1139（fetch_error 累計 0；finmind_price 快取檔數 1428）
上櫃股進度：500/1139（fetch_error 累計 0；finmind_price 快取檔數 1428）
上櫃股進度：550/1139（fetch_error 累計 0；finmind_price 快取檔數 1428）
上櫃股進度：600/1139（fetch_error 累計 0；finmind_price 快取檔數 1428）
上櫃股進度：650/1139（fetch_error 累計 0；finmind_price 快取檔數 1428）
上櫃股進度：700/1139（fetch_error 累計 0；finmind_price 快取檔數 1428）
上櫃股進度：750/1139（fetch_error 累計 0；finmind_price 快取檔數 1428）
上櫃股進度：800/1139（fetch_error 累計 0；finmind_price 快取檔數 1428）
上櫃股進度：850/1139（fetch_error 累計 0；finmind_price 快取檔數 1428）
上櫃股進度：900/1139（fetch_error 累計 0；finmind_price 快取檔數 1428）
上櫃股進度：950/1139（fetch_error 累計 0；finmind_price 快取檔數 1428）
上櫃股進度：1000/1139（fetch_error 累計 0；finmind_price 快取檔數 1428）
上櫃股進度：1050/1139（fetch_error 累計 0；finmind_price 快取檔數 1428）
上櫃股進度：1100/1139（fetch_error 累計 0；finmind_price 快取檔數 1428）
[41/138] 2018-05 已寫入：data/snapshots\2018-05\universe.json
[42/138] 2018-06 已存在但版本過時（0007-v1 → 0007-v2），重建...
上櫃股進度：50/1139（fetch_error 累計 0；finmind_price 快取檔數 1428）
上櫃股進度：100/1139（fetch_error 累計 0；finmind_price 快取檔數 1428）
上櫃股進度：150/1139（fetch_error 累計 0；finmind_price 快取檔數 1428）
上櫃股進度：200/1139（fetch_error 累計 0；finmind_price 快取檔數 1428）
上櫃股進度：250/1139（fetch_error 累計 0；finmind_price 快取檔數 1428）
上櫃股進度：300/1139（fetch_error 累計 0；finmind_price 快取檔數 1428）
上櫃股進度：350/1139（fetch_error 累計 0；finmind_price 快取檔數 1428）
上櫃股進度：400/1139（fetch_error 累計 0；finmind_price 快取檔數 1428）
上櫃股進度：450/1139（fetch_error 累計 0；finmind_price 快取檔數 1428）
上櫃股進度：500/1139（fetch_error 累計 0；finmind_price 快取檔數 1428）
上櫃股進度：550/1139（fetch_error 累計 0；finmind_price 快取檔數 1428）
上櫃股進度：600/1139（fetch_error 累計 0；finmind_price 快取檔數 1428）
上櫃股進度：650/1139（fetch_error 累計 0；finmind_price 快取檔數 1428）
上櫃股進度：700/1139（fetch_error 累計 0；finmind_price 快取檔數 1428）
上櫃股進度：750/1139（fetch_error 累計 0；finmind_price 快取檔數 1428）
上櫃股進度：800/1139（fetch_error 累計 0；finmind_price 快取檔數 1428）
上櫃股進度：850/1139（fetch_error 累計 0；finmind_price 快取檔數 1428）
上櫃股進度：900/1139（fetch_error 累計 0；finmind_price 快取檔數 1428）
上櫃股進度：950/1139（fetch_error 累計 0；finmind_price 快取檔數 1428）
上櫃股進度：1000/1139（fetch_error 累計 0；finmind_price 快取檔數 1428）
上櫃股進度：1050/1139（fetch_error 累計 0；finmind_price 快取檔數 1428）
上櫃股進度：1100/1139（fetch_error 累計 0；finmind_price 快取檔數 1428）
[42/138] 2018-06 已寫入：data/snapshots\2018-06\universe.json
[43/138] 2018-07 已存在但版本過時（0007-v1 → 0007-v2），重建...
上櫃股進度：50/1139（fetch_error 累計 0；finmind_price 快取檔數 1428）
上櫃股進度：100/1139（fetch_error 累計 0；finmind_price 快取檔數 1428）
上櫃股進度：150/1139（fetch_error 累計 0；finmind_price 快取檔數 1428）
上櫃股進度：200/1139（fetch_error 累計 0；finmind_price 快取檔數 1428）
上櫃股進度：250/1139（fetch_error 累計 0；finmind_price 快取檔數 1428）
上櫃股進度：300/1139（fetch_error 累計 0；finmind_price 快取檔數 1428）
上櫃股進度：350/1139（fetch_error 累計 0；finmind_price 快取檔數 1428）
上櫃股進度：400/1139（fetch_error 累計 0；finmind_price 快取檔數 1428）
上櫃股進度：450/1139（fetch_error 累計 0；finmind_price 快取檔數 1428）
上櫃股進度：500/1139（fetch_error 累計 0；finmind_price 快取檔數 1428）
上櫃股進度：550/1139（fetch_error 累計 0；finmind_price 快取檔數 1428）
上櫃股進度：600/1139（fetch_error 累計 0；finmind_price 快取檔數 1428）
上櫃股進度：650/1139（fetch_error 累計 0；finmind_price 快取檔數 1428）
上櫃股進度：700/1139（fetch_error 累計 0；finmind_price 快取檔數 1428）
上櫃股進度：750/1139（fetch_error 累計 0；finmind_price 快取檔數 1428）
上櫃股進度：800/1139（fetch_error 累計 0；finmind_price 快取檔數 1428）
上櫃股進度：850/1139（fetch_error 累計 0；finmind_price 快取檔數 1428）
上櫃股進度：900/1139（fetch_error 累計 0；finmind_price 快取檔數 1428）
上櫃股進度：950/1139（fetch_error 累計 0；finmind_price 快取檔數 1428）
上櫃股進度：1000/1139（fetch_error 累計 0；finmind_price 快取檔數 1428）
上櫃股進度：1050/1139（fetch_error 累計 0；finmind_price 快取檔數 1428）
上櫃股進度：1100/1139（fetch_error 累計 0；finmind_price 快取檔數 1428）
[43/138] 2018-07 已寫入：data/snapshots\2018-07\universe.json
[44/138] 2018-08 已存在但版本過時（0007-v1 → 0007-v2），重建...
上櫃股進度：50/1139（fetch_error 累計 0；finmind_price 快取檔數 1428）
上櫃股進度：100/1139（fetch_error 累計 0；finmind_price 快取檔數 1428）
上櫃股進度：150/1139（fetch_error 累計 0；finmind_price 快取檔數 1428）
上櫃股進度：200/1139（fetch_error 累計 0；finmind_price 快取檔數 1428）
上櫃股進度：250/1139（fetch_error 累計 0；finmind_price 快取檔數 1428）
上櫃股進度：300/1139（fetch_error 累計 0；finmind_price 快取檔數 1428）
上櫃股進度：350/1139（fetch_error 累計 0；finmind_price 快取檔數 1428）
上櫃股進度：400/1139（fetch_error 累計 0；finmind_price 快取檔數 1428）
上櫃股進度：450/1139（fetch_error 累計 0；finmind_price 快取檔數 1428）
上櫃股進度：500/1139（fetch_error 累計 0；finmind_price 快取檔數 1428）
上櫃股進度：550/1139（fetch_error 累計 0；finmind_price 快取檔數 1428）
上櫃股進度：600/1139（fetch_error 累計 0；finmind_price 快取檔數 1428）
上櫃股進度：650/1139（fetch_error 累計 0；finmind_price 快取檔數 1428）
上櫃股進度：700/1139（fetch_error 累計 0；finmind_price 快取檔數 1428）
上櫃股進度：750/1139（fetch_error 累計 0；finmind_price 快取檔數 1428）
上櫃股進度：800/1139（fetch_error 累計 0；finmind_price 快取檔數 1428）
上櫃股進度：850/1139（fetch_error 累計 0；finmind_price 快取檔數 1428）
上櫃股進度：900/1139（fetch_error 累計 0；finmind_price 快取檔數 1428）
上櫃股進度：950/1139（fetch_error 累計 0；finmind_price 快取檔數 1428）
上櫃股進度：1000/1139（fetch_error 累計 0；finmind_price 快取檔數 1428）
上櫃股進度：1050/1139（fetch_error 累計 0；finmind_price 快取檔數 1428）
上櫃股進度：1100/1139（fetch_error 累計 0；finmind_price 快取檔數 1428）
[44/138] 2018-08 已寫入：data/snapshots\2018-08\universe.json
[45/138] 2018-09 已存在但版本過時（0007-v1 → 0007-v2），重建...
上櫃股進度：50/1139（fetch_error 累計 0；finmind_price 快取檔數 1428）
上櫃股進度：100/1139（fetch_error 累計 0；finmind_price 快取檔數 1428）
上櫃股進度：150/1139（fetch_error 累計 0；finmind_price 快取檔數 1428）
上櫃股進度：200/1139（fetch_error 累計 0；finmind_price 快取檔數 1428）
上櫃股進度：250/1139（fetch_error 累計 0；finmind_price 快取檔數 1428）
上櫃股進度：300/1139（fetch_error 累計 0；finmind_price 快取檔數 1428）
上櫃股進度：350/1139（fetch_error 累計 0；finmind_price 快取檔數 1428）
上櫃股進度：400/1139（fetch_error 累計 0；finmind_price 快取檔數 1428）
上櫃股進度：450/1139（fetch_error 累計 0；finmind_price 快取檔數 1428）
上櫃股進度：500/1139（fetch_error 累計 0；finmind_price 快取檔數 1428）
上櫃股進度：550/1139（fetch_error 累計 0；finmind_price 快取檔數 1428）
上櫃股進度：600/1139（fetch_error 累計 0；finmind_price 快取檔數 1428）
上櫃股進度：650/1139（fetch_error 累計 0；finmind_price 快取檔數 1428）
上櫃股進度：700/1139（fetch_error 累計 0；finmind_price 快取檔數 1428）
上櫃股進度：750/1139（fetch_error 累計 0；finmind_price 快取檔數 1428）
上櫃股進度：800/1139（fetch_error 累計 0；finmind_price 快取檔數 1428）
上櫃股進度：850/1139（fetch_error 累計 0；finmind_price 快取檔數 1428）
上櫃股進度：900/1139（fetch_error 累計 0；finmind_price 快取檔數 1428）
上櫃股進度：950/1139（fetch_error 累計 0；finmind_price 快取檔數 1428）
上櫃股進度：1000/1139（fetch_error 累計 0；finmind_price 快取檔數 1428）
上櫃股進度：1050/1139（fetch_error 累計 0；finmind_price 快取檔數 1428）
上櫃股進度：1100/1139（fetch_error 累計 0；finmind_price 快取檔數 1428）
[45/138] 2018-09 已寫入：data/snapshots\2018-09\universe.json
[46/138] 2018-10 已存在但版本過時（0007-v1 → 0007-v2），重建...
上櫃股進度：50/1139（fetch_error 累計 0；finmind_price 快取檔數 1428）
上櫃股進度：100/1139（fetch_error 累計 0；finmind_price 快取檔數 1428）
上櫃股進度：150/1139（fetch_error 累計 0；finmind_price 快取檔數 1428）
上櫃股進度：200/1139（fetch_error 累計 0；finmind_price 快取檔數 1428）
上櫃股進度：250/1139（fetch_error 累計 0；finmind_price 快取檔數 1428）
上櫃股進度：300/1139（fetch_error 累計 0；finmind_price 快取檔數 1428）
上櫃股進度：350/1139（fetch_error 累計 0；finmind_price 快取檔數 1428）
上櫃股進度：400/1139（fetch_error 累計 0；finmind_price 快取檔數 1428）
上櫃股進度：450/1139（fetch_error 累計 0；finmind_price 快取檔數 1428）
上櫃股進度：500/1139（fetch_error 累計 0；finmind_price 快取檔數 1428）
上櫃股進度：550/1139（fetch_error 累計 0；finmind_price 快取檔數 1428）
上櫃股進度：600/1139（fetch_error 累計 0；finmind_price 快取檔數 1428）
上櫃股進度：650/1139（fetch_error 累計 0；finmind_price 快取檔數 1428）
上櫃股進度：700/1139（fetch_error 累計 0；finmind_price 快取檔數 1428）
上櫃股進度：750/1139（fetch_error 累計 0；finmind_price 快取檔數 1428）
上櫃股進度：800/1139（fetch_error 累計 0；finmind_price 快取檔數 1428）
上櫃股進度：850/1139（fetch_error 累計 0；finmind_price 快取檔數 1428）
上櫃股進度：900/1139（fetch_error 累計 0；finmind_price 快取檔數 1428）
上櫃股進度：950/1139（fetch_error 累計 0；finmind_price 快取檔數 1428）
上櫃股進度：1000/1139（fetch_error 累計 0；finmind_price 快取檔數 1428）
上櫃股進度：1050/1139（fetch_error 累計 0；finmind_price 快取檔數 1428）
上櫃股進度：1100/1139（fetch_error 累計 0；finmind_price 快取檔數 1428）
[46/138] 2018-10 已寫入：data/snapshots\2018-10\universe.json
[47/138] 2018-11 已存在但版本過時（0007-v1 → 0007-v2），重建...
上櫃股進度：50/1139（fetch_error 累計 0；finmind_price 快取檔數 1428）
上櫃股進度：100/1139（fetch_error 累計 0；finmind_price 快取檔數 1428）
上櫃股進度：150/1139（fetch_error 累計 0；finmind_price 快取檔數 1428）
上櫃股進度：200/1139（fetch_error 累計 0；finmind_price 快取檔數 1428）
上櫃股進度：250/1139（fetch_error 累計 0；finmind_price 快取檔數 1428）
上櫃股進度：300/1139（fetch_error 累計 0；finmind_price 快取檔數 1428）
上櫃股進度：350/1139（fetch_error 累計 0；finmind_price 快取檔數 1428）
上櫃股進度：400/1139（fetch_error 累計 0；finmind_price 快取檔數 1428）
上櫃股進度：450/1139（fetch_error 累計 0；finmind_price 快取檔數 1428）
上櫃股進度：500/1139（fetch_error 累計 0；finmind_price 快取檔數 1428）
上櫃股進度：550/1139（fetch_error 累計 0；finmind_price 快取檔數 1428）
上櫃股進度：600/1139（fetch_error 累計 0；finmind_price 快取檔數 1428）
上櫃股進度：650/1139（fetch_error 累計 0；finmind_price 快取檔數 1428）
上櫃股進度：700/1139（fetch_error 累計 0；finmind_price 快取檔數 1428）
上櫃股進度：750/1139（fetch_error 累計 0；finmind_price 快取檔數 1428）
上櫃股進度：800/1139（fetch_error 累計 0；finmind_price 快取檔數 1428）
上櫃股進度：850/1139（fetch_error 累計 0；finmind_price 快取檔數 1428）
上櫃股進度：900/1139（fetch_error 累計 0；finmind_price 快取檔數 1428）
上櫃股進度：950/1139（fetch_error 累計 0；finmind_price 快取檔數 1428）
上櫃股進度：1000/1139（fetch_error 累計 0；finmind_price 快取檔數 1428）
上櫃股進度：1050/1139（fetch_error 累計 0；finmind_price 快取檔數 1428）
上櫃股進度：1100/1139（fetch_error 累計 0；finmind_price 快取檔數 1428）
[47/138] 2018-11 已寫入：data/snapshots\2018-11\universe.json
[48/138] 2018-12 已存在但版本過時（0007-v1 → 0007-v2），重建...
上櫃股進度：50/1139（fetch_error 累計 0；finmind_price 快取檔數 1428）
上櫃股進度：100/1139（fetch_error 累計 0；finmind_price 快取檔數 1428）
上櫃股進度：150/1139（fetch_error 累計 0；finmind_price 快取檔數 1428）
上櫃股進度：200/1139（fetch_error 累計 0；finmind_price 快取檔數 1428）
上櫃股進度：250/1139（fetch_error 累計 0；finmind_price 快取檔數 1428）
上櫃股進度：300/1139（fetch_error 累計 0；finmind_price 快取檔數 1428）
上櫃股進度：350/1139（fetch_error 累計 0；finmind_price 快取檔數 1428）
上櫃股進度：400/1139（fetch_error 累計 0；finmind_price 快取檔數 1428）
上櫃股進度：450/1139（fetch_error 累計 0；finmind_price 快取檔數 1428）
上櫃股進度：500/1139（fetch_error 累計 0；finmind_price 快取檔數 1428）
上櫃股進度：550/1139（fetch_error 累計 0；finmind_price 快取檔數 1428）
上櫃股進度：600/1139（fetch_error 累計 0；finmind_price 快取檔數 1428）
上櫃股進度：650/1139（fetch_error 累計 0；finmind_price 快取檔數 1428）
上櫃股進度：700/1139（fetch_error 累計 0；finmind_price 快取檔數 1428）
上櫃股進度：750/1139（fetch_error 累計 0；finmind_price 快取檔數 1428）
上櫃股進度：800/1139（fetch_error 累計 0；finmind_price 快取檔數 1428）
上櫃股進度：850/1139（fetch_error 累計 0；finmind_price 快取檔數 1428）
上櫃股進度：900/1139（fetch_error 累計 0；finmind_price 快取檔數 1428）
上櫃股進度：950/1139（fetch_error 累計 0；finmind_price 快取檔數 1428）
上櫃股進度：1000/1139（fetch_error 累計 0；finmind_price 快取檔數 1428）
上櫃股進度：1050/1139（fetch_error 累計 0；finmind_price 快取檔數 1428）
上櫃股進度：1100/1139（fetch_error 累計 0；finmind_price 快取檔數 1428）
[48/138] 2018-12 已寫入：data/snapshots\2018-12\universe.json
[49/138] 2019-01 已存在但版本過時（0007-v1 → 0007-v2），重建...
上櫃股進度：50/1139（fetch_error 累計 0；finmind_price 快取檔數 1428）
上櫃股進度：100/1139（fetch_error 累計 0；finmind_price 快取檔數 1428）
上櫃股進度：150/1139（fetch_error 累計 0；finmind_price 快取檔數 1428）
上櫃股進度：200/1139（fetch_error 累計 0；finmind_price 快取檔數 1428）
上櫃股進度：250/1139（fetch_error 累計 0；finmind_price 快取檔數 1428）
上櫃股進度：300/1139（fetch_error 累計 0；finmind_price 快取檔數 1428）
上櫃股進度：350/1139（fetch_error 累計 0；finmind_price 快取檔數 1428）
上櫃股進度：400/1139（fetch_error 累計 0；finmind_price 快取檔數 1428）
上櫃股進度：450/1139（fetch_error 累計 0；finmind_price 快取檔數 1428）
上櫃股進度：500/1139（fetch_error 累計 0；finmind_price 快取檔數 1428）
上櫃股進度：550/1139（fetch_error 累計 0；finmind_price 快取檔數 1428）
上櫃股進度：600/1139（fetch_error 累計 0；finmind_price 快取檔數 1428）
上櫃股進度：650/1139（fetch_error 累計 0；finmind_price 快取檔數 1428）
上櫃股進度：700/1139（fetch_error 累計 0；finmind_price 快取檔數 1428）
上櫃股進度：750/1139（fetch_error 累計 0；finmind_price 快取檔數 1428）
上櫃股進度：800/1139（fetch_error 累計 0；finmind_price 快取檔數 1428）
上櫃股進度：850/1139（fetch_error 累計 0；finmind_price 快取檔數 1428）
上櫃股進度：900/1139（fetch_error 累計 0；finmind_price 快取檔數 1428）
上櫃股進度：950/1139（fetch_error 累計 0；finmind_price 快取檔數 1428）
上櫃股進度：1000/1139（fetch_error 累計 0；finmind_price 快取檔數 1428）
上櫃股進度：1050/1139（fetch_error 累計 0；finmind_price 快取檔數 1428）
上櫃股進度：1100/1139（fetch_error 累計 0；finmind_price 快取檔數 1428）
[49/138] 2019-01 已寫入：data/snapshots\2019-01\universe.json
[50/138] 2019-02 已存在但版本過時（0007-v1 → 0007-v2），重建...
上櫃股進度：50/1139（fetch_error 累計 0；finmind_price 快取檔數 1428）
上櫃股進度：100/1139（fetch_error 累計 0；finmind_price 快取檔數 1428）
上櫃股進度：150/1139（fetch_error 累計 0；finmind_price 快取檔數 1428）
上櫃股進度：200/1139（fetch_error 累計 0；finmind_price 快取檔數 1428）
上櫃股進度：250/1139（fetch_error 累計 0；finmind_price 快取檔數 1428）
上櫃股進度：300/1139（fetch_error 累計 0；finmind_price 快取檔數 1428）
上櫃股進度：350/1139（fetch_error 累計 0；finmind_price 快取檔數 1428）
上櫃股進度：400/1139（fetch_error 累計 0；finmind_price 快取檔數 1428）
上櫃股進度：450/1139（fetch_error 累計 0；finmind_price 快取檔數 1428）
上櫃股進度：500/1139（fetch_error 累計 0；finmind_price 快取檔數 1428）
上櫃股進度：550/1139（fetch_error 累計 0；finmind_price 快取檔數 1428）
上櫃股進度：600/1139（fetch_error 累計 0；finmind_price 快取檔數 1428）
上櫃股進度：650/1139（fetch_error 累計 0；finmind_price 快取檔數 1428）
上櫃股進度：700/1139（fetch_error 累計 0；finmind_price 快取檔數 1428）
上櫃股進度：750/1139（fetch_error 累計 0；finmind_price 快取檔數 1428）
上櫃股進度：800/1139（fetch_error 累計 0；finmind_price 快取檔數 1428）
上櫃股進度：850/1139（fetch_error 累計 0；finmind_price 快取檔數 1428）
上櫃股進度：900/1139（fetch_error 累計 0；finmind_price 快取檔數 1428）
上櫃股進度：950/1139（fetch_error 累計 0；finmind_price 快取檔數 1428）
上櫃股進度：1000/1139（fetch_error 累計 0；finmind_price 快取檔數 1428）
上櫃股進度：1050/1139（fetch_error 累計 0；finmind_price 快取檔數 1428）
上櫃股進度：1100/1139（fetch_error 累計 0；finmind_price 快取檔數 1428）
[50/138] 2019-02 已寫入：data/snapshots\2019-02\universe.json
[51/138] 2019-03 已存在但版本過時（0007-v1 → 0007-v2），重建...
上櫃股進度：50/1139（fetch_error 累計 0；finmind_price 快取檔數 1428）
上櫃股進度：100/1139（fetch_error 累計 0；finmind_price 快取檔數 1428）
上櫃股進度：150/1139（fetch_error 累計 0；finmind_price 快取檔數 1428）
上櫃股進度：200/1139（fetch_error 累計 0；finmind_price 快取檔數 1428）
上櫃股進度：250/1139（fetch_error 累計 0；finmind_price 快取檔數 1428）
上櫃股進度：300/1139（fetch_error 累計 0；finmind_price 快取檔數 1428）
上櫃股進度：350/1139（fetch_error 累計 0；finmind_price 快取檔數 1428）
上櫃股進度：400/1139（fetch_error 累計 0；finmind_price 快取檔數 1428）
上櫃股進度：450/1139（fetch_error 累計 0；finmind_price 快取檔數 1428）
上櫃股進度：500/1139（fetch_error 累計 0；finmind_price 快取檔數 1428）
上櫃股進度：550/1139（fetch_error 累計 0；finmind_price 快取檔數 1428）
上櫃股進度：600/1139（fetch_error 累計 0；finmind_price 快取檔數 1428）
上櫃股進度：650/1139（fetch_error 累計 0；finmind_price 快取檔數 1428）
上櫃股進度：700/1139（fetch_error 累計 0；finmind_price 快取檔數 1428）
上櫃股進度：750/1139（fetch_error 累計 0；finmind_price 快取檔數 1428）
上櫃股進度：800/1139（fetch_error 累計 0；finmind_price 快取檔數 1428）
上櫃股進度：850/1139（fetch_error 累計 0；finmind_price 快取檔數 1428）
上櫃股進度：900/1139（fetch_error 累計 0；finmind_price 快取檔數 1428）
上櫃股進度：950/1139（fetch_error 累計 0；finmind_price 快取檔數 1428）
上櫃股進度：1000/1139（fetch_error 累計 0；finmind_price 快取檔數 1428）
上櫃股進度：1050/1139（fetch_error 累計 0；finmind_price 快取檔數 1428）
上櫃股進度：1100/1139（fetch_error 累計 0；finmind_price 快取檔數 1428）
[51/138] 2019-03 已寫入：data/snapshots\2019-03\universe.json
[52/138] 2019-04 已存在但版本過時（0007-v1 → 0007-v2），重建...
上櫃股進度：50/1139（fetch_error 累計 0；finmind_price 快取檔數 1428）
上櫃股進度：100/1139（fetch_error 累計 0；finmind_price 快取檔數 1428）
上櫃股進度：150/1139（fetch_error 累計 0；finmind_price 快取檔數 1428）
上櫃股進度：200/1139（fetch_error 累計 0；finmind_price 快取檔數 1428）
上櫃股進度：250/1139（fetch_error 累計 0；finmind_price 快取檔數 1428）
上櫃股進度：300/1139（fetch_error 累計 0；finmind_price 快取檔數 1428）
上櫃股進度：350/1139（fetch_error 累計 0；finmind_price 快取檔數 1428）
上櫃股進度：400/1139（fetch_error 累計 0；finmind_price 快取檔數 1428）
上櫃股進度：450/1139（fetch_error 累計 0；finmind_price 快取檔數 1428）
上櫃股進度：500/1139（fetch_error 累計 0；finmind_price 快取檔數 1428）
上櫃股進度：550/1139（fetch_error 累計 0；finmind_price 快取檔數 1428）
上櫃股進度：600/1139（fetch_error 累計 0；finmind_price 快取檔數 1428）
上櫃股進度：650/1139（fetch_error 累計 0；finmind_price 快取檔數 1428）
上櫃股進度：700/1139（fetch_error 累計 0；finmind_price 快取檔數 1428）
上櫃股進度：750/1139（fetch_error 累計 0；finmind_price 快取檔數 1428）
上櫃股進度：800/1139（fetch_error 累計 0；finmind_price 快取檔數 1428）
上櫃股進度：850/1139（fetch_error 累計 0；finmind_price 快取檔數 1428）
上櫃股進度：900/1139（fetch_error 累計 0；finmind_price 快取檔數 1428）
上櫃股進度：950/1139（fetch_error 累計 0；finmind_price 快取檔數 1428）
上櫃股進度：1000/1139（fetch_error 累計 0；finmind_price 快取檔數 1428）
上櫃股進度：1050/1139（fetch_error 累計 0；finmind_price 快取檔數 1428）
上櫃股進度：1100/1139（fetch_error 累計 0；finmind_price 快取檔數 1428）
[52/138] 2019-04 已寫入：data/snapshots\2019-04\universe.json
[53/138] 2019-05 已存在但版本過時（0007-v1 → 0007-v2），重建...
上櫃股進度：50/1139（fetch_error 累計 0；finmind_price 快取檔數 1428）
上櫃股進度：100/1139（fetch_error 累計 0；finmind_price 快取檔數 1428）
上櫃股進度：150/1139（fetch_error 累計 0；finmind_price 快取檔數 1428）
上櫃股進度：200/1139（fetch_error 累計 0；finmind_price 快取檔數 1428）
上櫃股進度：250/1139（fetch_error 累計 0；finmind_price 快取檔數 1428）
上櫃股進度：300/1139（fetch_error 累計 0；finmind_price 快取檔數 1428）
上櫃股進度：350/1139（fetch_error 累計 0；finmind_price 快取檔數 1428）
上櫃股進度：400/1139（fetch_error 累計 0；finmind_price 快取檔數 1428）
上櫃股進度：450/1139（fetch_error 累計 0；finmind_price 快取檔數 1428）
上櫃股進度：500/1139（fetch_error 累計 0；finmind_price 快取檔數 1428）
上櫃股進度：550/1139（fetch_error 累計 0；finmind_price 快取檔數 1428）
上櫃股進度：600/1139（fetch_error 累計 0；finmind_price 快取檔數 1428）
上櫃股進度：650/1139（fetch_error 累計 0；finmind_price 快取檔數 1428）
上櫃股進度：700/1139（fetch_error 累計 0；finmind_price 快取檔數 1428）
上櫃股進度：750/1139（fetch_error 累計 0；finmind_price 快取檔數 1428）
上櫃股進度：800/1139（fetch_error 累計 0；finmind_price 快取檔數 1428）
上櫃股進度：850/1139（fetch_error 累計 0；finmind_price 快取檔數 1428）
上櫃股進度：900/1139（fetch_error 累計 0；finmind_price 快取檔數 1428）
上櫃股進度：950/1139（fetch_error 累計 0；finmind_price 快取檔數 1428）
上櫃股進度：1000/1139（fetch_error 累計 0；finmind_price 快取檔數 1428）
上櫃股進度：1050/1139（fetch_error 累計 0；finmind_price 快取檔數 1428）
上櫃股進度：1100/1139（fetch_error 累計 0；finmind_price 快取檔數 1428）
[53/138] 2019-05 已寫入：data/snapshots\2019-05\universe.json
[54/138] 2019-06 已存在但版本過時（0007-v1 → 0007-v2），重建...
上櫃股進度：50/1139（fetch_error 累計 0；finmind_price 快取檔數 1428）
上櫃股進度：100/1139（fetch_error 累計 0；finmind_price 快取檔數 1428）
上櫃股進度：150/1139（fetch_error 累計 0；finmind_price 快取檔數 1428）
上櫃股進度：200/1139（fetch_error 累計 0；finmind_price 快取檔數 1428）
上櫃股進度：250/1139（fetch_error 累計 0；finmind_price 快取檔數 1428）
上櫃股進度：300/1139（fetch_error 累計 0；finmind_price 快取檔數 1428）
上櫃股進度：350/1139（fetch_error 累計 0；finmind_price 快取檔數 1428）
上櫃股進度：400/1139（fetch_error 累計 0；finmind_price 快取檔數 1428）
上櫃股進度：450/1139（fetch_error 累計 0；finmind_price 快取檔數 1428）
上櫃股進度：500/1139（fetch_error 累計 0；finmind_price 快取檔數 1428）
上櫃股進度：550/1139（fetch_error 累計 0；finmind_price 快取檔數 1428）
上櫃股進度：600/1139（fetch_error 累計 0；finmind_price 快取檔數 1428）
上櫃股進度：650/1139（fetch_error 累計 0；finmind_price 快取檔數 1428）
上櫃股進度：700/1139（fetch_error 累計 0；finmind_price 快取檔數 1428）
上櫃股進度：750/1139（fetch_error 累計 0；finmind_price 快取檔數 1428）
上櫃股進度：800/1139（fetch_error 累計 0；finmind_price 快取檔數 1428）
上櫃股進度：850/1139（fetch_error 累計 0；finmind_price 快取檔數 1428）
上櫃股進度：900/1139（fetch_error 累計 0；finmind_price 快取檔數 1428）
上櫃股進度：950/1139（fetch_error 累計 0；finmind_price 快取檔數 1428）
上櫃股進度：1000/1139（fetch_error 累計 0；finmind_price 快取檔數 1428）
上櫃股進度：1050/1139（fetch_error 累計 0；finmind_price 快取檔數 1428）
上櫃股進度：1100/1139（fetch_error 累計 0；finmind_price 快取檔數 1428）
[54/138] 2019-06 已寫入：data/snapshots\2019-06\universe.json
[55/138] 2019-07 已存在但版本過時（0007-v1 → 0007-v2），重建...
上櫃股進度：50/1139（fetch_error 累計 0；finmind_price 快取檔數 1428）
上櫃股進度：100/1139（fetch_error 累計 0；finmind_price 快取檔數 1428）
上櫃股進度：150/1139（fetch_error 累計 0；finmind_price 快取檔數 1428）
上櫃股進度：200/1139（fetch_error 累計 0；finmind_price 快取檔數 1428）
上櫃股進度：250/1139（fetch_error 累計 0；finmind_price 快取檔數 1428）
上櫃股進度：300/1139（fetch_error 累計 0；finmind_price 快取檔數 1428）
上櫃股進度：350/1139（fetch_error 累計 0；finmind_price 快取檔數 1428）
上櫃股進度：400/1139（fetch_error 累計 0；finmind_price 快取檔數 1428）
上櫃股進度：450/1139（fetch_error 累計 0；finmind_price 快取檔數 1428）
上櫃股進度：500/1139（fetch_error 累計 0；finmind_price 快取檔數 1428）
上櫃股進度：550/1139（fetch_error 累計 0；finmind_price 快取檔數 1428）
上櫃股進度：600/1139（fetch_error 累計 0；finmind_price 快取檔數 1428）
上櫃股進度：650/1139（fetch_error 累計 0；finmind_price 快取檔數 1428）
上櫃股進度：700/1139（fetch_error 累計 0；finmind_price 快取檔數 1428）
上櫃股進度：750/1139（fetch_error 累計 0；finmind_price 快取檔數 1428）
上櫃股進度：800/1139（fetch_error 累計 0；finmind_price 快取檔數 1428）
上櫃股進度：850/1139（fetch_error 累計 0；finmind_price 快取檔數 1428）
上櫃股進度：900/1139（fetch_error 累計 0；finmind_price 快取檔數 1428）
上櫃股進度：950/1139（fetch_error 累計 0；finmind_price 快取檔數 1428）
上櫃股進度：1000/1139（fetch_error 累計 0；finmind_price 快取檔數 1428）
上櫃股進度：1050/1139（fetch_error 累計 0；finmind_price 快取檔數 1428）
上櫃股進度：1100/1139（fetch_error 累計 0；finmind_price 快取檔數 1428）
[55/138] 2019-07 已寫入：data/snapshots\2019-07\universe.json
[56/138] 2019-08 已存在但版本過時（0007-v1 → 0007-v2），重建...
上櫃股進度：50/1139（fetch_error 累計 0；finmind_price 快取檔數 1428）
上櫃股進度：100/1139（fetch_error 累計 0；finmind_price 快取檔數 1428）
上櫃股進度：150/1139（fetch_error 累計 0；finmind_price 快取檔數 1428）
上櫃股進度：200/1139（fetch_error 累計 0；finmind_price 快取檔數 1428）
上櫃股進度：250/1139（fetch_error 累計 0；finmind_price 快取檔數 1428）
上櫃股進度：300/1139（fetch_error 累計 0；finmind_price 快取檔數 1428）
上櫃股進度：350/1139（fetch_error 累計 0；finmind_price 快取檔數 1428）
上櫃股進度：400/1139（fetch_error 累計 0；finmind_price 快取檔數 1428）
上櫃股進度：450/1139（fetch_error 累計 0；finmind_price 快取檔數 1428）
上櫃股進度：500/1139（fetch_error 累計 0；finmind_price 快取檔數 1428）
上櫃股進度：550/1139（fetch_error 累計 0；finmind_price 快取檔數 1428）
上櫃股進度：600/1139（fetch_error 累計 0；finmind_price 快取檔數 1428）
上櫃股進度：650/1139（fetch_error 累計 0；finmind_price 快取檔數 1428）
上櫃股進度：700/1139（fetch_error 累計 0；finmind_price 快取檔數 1428）
上櫃股進度：750/1139（fetch_error 累計 0；finmind_price 快取檔數 1428）
上櫃股進度：800/1139（fetch_error 累計 0；finmind_price 快取檔數 1428）
上櫃股進度：850/1139（fetch_error 累計 0；finmind_price 快取檔數 1428）
上櫃股進度：900/1139（fetch_error 累計 0；finmind_price 快取檔數 1428）
上櫃股進度：950/1139（fetch_error 累計 0；finmind_price 快取檔數 1428）
上櫃股進度：1000/1139（fetch_error 累計 0；finmind_price 快取檔數 1428）
上櫃股進度：1050/1139（fetch_error 累計 0；finmind_price 快取檔數 1428）
上櫃股進度：1100/1139（fetch_error 累計 0；finmind_price 快取檔數 1428）
[56/138] 2019-08 已寫入：data/snapshots\2019-08\universe.json
[57/138] 2019-09 已存在但版本過時（0007-v1 → 0007-v2），重建...
上櫃股進度：50/1139（fetch_error 累計 0；finmind_price 快取檔數 1428）
上櫃股進度：100/1139（fetch_error 累計 0；finmind_price 快取檔數 1428）
上櫃股進度：150/1139（fetch_error 累計 0；finmind_price 快取檔數 1428）
上櫃股進度：200/1139（fetch_error 累計 0；finmind_price 快取檔數 1428）
上櫃股進度：250/1139（fetch_error 累計 0；finmind_price 快取檔數 1428）
上櫃股進度：300/1139（fetch_error 累計 0；finmind_price 快取檔數 1428）
上櫃股進度：350/1139（fetch_error 累計 0；finmind_price 快取檔數 1428）
上櫃股進度：400/1139（fetch_error 累計 0；finmind_price 快取檔數 1428）
上櫃股進度：450/1139（fetch_error 累計 0；finmind_price 快取檔數 1428）
上櫃股進度：500/1139（fetch_error 累計 0；finmind_price 快取檔數 1428）
上櫃股進度：550/1139（fetch_error 累計 0；finmind_price 快取檔數 1428）
上櫃股進度：600/1139（fetch_error 累計 0；finmind_price 快取檔數 1428）
上櫃股進度：650/1139（fetch_error 累計 0；finmind_price 快取檔數 1428）
上櫃股進度：700/1139（fetch_error 累計 0；finmind_price 快取檔數 1428）
上櫃股進度：750/1139（fetch_error 累計 0；finmind_price 快取檔數 1428）
上櫃股進度：800/1139（fetch_error 累計 0；finmind_price 快取檔數 1428）
上櫃股進度：850/1139（fetch_error 累計 0；finmind_price 快取檔數 1428）
上櫃股進度：900/1139（fetch_error 累計 0；finmind_price 快取檔數 1428）
上櫃股進度：950/1139（fetch_error 累計 0；finmind_price 快取檔數 1428）
上櫃股進度：1000/1139（fetch_error 累計 0；finmind_price 快取檔數 1428）
上櫃股進度：1050/1139（fetch_error 累計 0；finmind_price 快取檔數 1428）
上櫃股進度：1100/1139（fetch_error 累計 0；finmind_price 快取檔數 1428）
[57/138] 2019-09 已寫入：data/snapshots\2019-09\universe.json
[58/138] 2019-10 已存在但版本過時（0007-v1 → 0007-v2），重建...
上櫃股進度：50/1139（fetch_error 累計 0；finmind_price 快取檔數 1428）
上櫃股進度：100/1139（fetch_error 累計 0；finmind_price 快取檔數 1428）
上櫃股進度：150/1139（fetch_error 累計 0；finmind_price 快取檔數 1428）
上櫃股進度：200/1139（fetch_error 累計 0；finmind_price 快取檔數 1428）
上櫃股進度：250/1139（fetch_error 累計 0；finmind_price 快取檔數 1428）
上櫃股進度：300/1139（fetch_error 累計 0；finmind_price 快取檔數 1428）
上櫃股進度：350/1139（fetch_error 累計 0；finmind_price 快取檔數 1428）
上櫃股進度：400/1139（fetch_error 累計 0；finmind_price 快取檔數 1428）
上櫃股進度：450/1139（fetch_error 累計 0；finmind_price 快取檔數 1428）
上櫃股進度：500/1139（fetch_error 累計 0；finmind_price 快取檔數 1428）
上櫃股進度：550/1139（fetch_error 累計 0；finmind_price 快取檔數 1428）
上櫃股進度：600/1139（fetch_error 累計 0；finmind_price 快取檔數 1428）
上櫃股進度：650/1139（fetch_error 累計 0；finmind_price 快取檔數 1428）
上櫃股進度：700/1139（fetch_error 累計 0；finmind_price 快取檔數 1428）
上櫃股進度：750/1139（fetch_error 累計 0；finmind_price 快取檔數 1428）
上櫃股進度：800/1139（fetch_error 累計 0；finmind_price 快取檔數 1428）
上櫃股進度：850/1139（fetch_error 累計 0；finmind_price 快取檔數 1428）
上櫃股進度：900/1139（fetch_error 累計 0；finmind_price 快取檔數 1428）
上櫃股進度：950/1139（fetch_error 累計 0；finmind_price 快取檔數 1428）
上櫃股進度：1000/1139（fetch_error 累計 0；finmind_price 快取檔數 1428）
上櫃股進度：1050/1139（fetch_error 累計 0；finmind_price 快取檔數 1428）
上櫃股進度：1100/1139（fetch_error 累計 0；finmind_price 快取檔數 1428）
[58/138] 2019-10 已寫入：data/snapshots\2019-10\universe.json
[59/138] 2019-11 已存在但版本過時（0007-v1 → 0007-v2），重建...
上櫃股進度：50/1139（fetch_error 累計 0；finmind_price 快取檔數 1428）
上櫃股進度：100/1139（fetch_error 累計 0；finmind_price 快取檔數 1428）
上櫃股進度：150/1139（fetch_error 累計 0；finmind_price 快取檔數 1428）
上櫃股進度：200/1139（fetch_error 累計 0；finmind_price 快取檔數 1428）
上櫃股進度：250/1139（fetch_error 累計 0；finmind_price 快取檔數 1428）
上櫃股進度：300/1139（fetch_error 累計 0；finmind_price 快取檔數 1428）
上櫃股進度：350/1139（fetch_error 累計 0；finmind_price 快取檔數 1428）
上櫃股進度：400/1139（fetch_error 累計 0；finmind_price 快取檔數 1428）
上櫃股進度：450/1139（fetch_error 累計 0；finmind_price 快取檔數 1428）
上櫃股進度：500/1139（fetch_error 累計 0；finmind_price 快取檔數 1428）
上櫃股進度：550/1139（fetch_error 累計 0；finmind_price 快取檔數 1428）
上櫃股進度：600/1139（fetch_error 累計 0；finmind_price 快取檔數 1428）
上櫃股進度：650/1139（fetch_error 累計 0；finmind_price 快取檔數 1428）
上櫃股進度：700/1139（fetch_error 累計 0；finmind_price 快取檔數 1428）
上櫃股進度：750/1139（fetch_error 累計 0；finmind_price 快取檔數 1428）
上櫃股進度：800/1139（fetch_error 累計 0；finmind_price 快取檔數 1428）
上櫃股進度：850/1139（fetch_error 累計 0；finmind_price 快取檔數 1428）
上櫃股進度：900/1139（fetch_error 累計 0；finmind_price 快取檔數 1428）
上櫃股進度：950/1139（fetch_error 累計 0；finmind_price 快取檔數 1428）
上櫃股進度：1000/1139（fetch_error 累計 0；finmind_price 快取檔數 1428）
上櫃股進度：1050/1139（fetch_error 累計 0；finmind_price 快取檔數 1428）
上櫃股進度：1100/1139（fetch_error 累計 0；finmind_price 快取檔數 1428）
[59/138] 2019-11 已寫入：data/snapshots\2019-11\universe.json
[60/138] 2019-12 已存在但版本過時（0007-v1 → 0007-v2），重建...
上櫃股進度：50/1139（fetch_error 累計 0；finmind_price 快取檔數 1428）
上櫃股進度：100/1139（fetch_error 累計 0；finmind_price 快取檔數 1428）
上櫃股進度：150/1139（fetch_error 累計 0；finmind_price 快取檔數 1428）
上櫃股進度：200/1139（fetch_error 累計 0；finmind_price 快取檔數 1428）
上櫃股進度：250/1139（fetch_error 累計 0；finmind_price 快取檔數 1428）
上櫃股進度：300/1139（fetch_error 累計 0；finmind_price 快取檔數 1428）
上櫃股進度：350/1139（fetch_error 累計 0；finmind_price 快取檔數 1428）
上櫃股進度：400/1139（fetch_error 累計 0；finmind_price 快取檔數 1428）
上櫃股進度：450/1139（fetch_error 累計 0；finmind_price 快取檔數 1428）
上櫃股進度：500/1139（fetch_error 累計 0；finmind_price 快取檔數 1428）
上櫃股進度：550/1139（fetch_error 累計 0；finmind_price 快取檔數 1428）
上櫃股進度：600/1139（fetch_error 累計 0；finmind_price 快取檔數 1428）
上櫃股進度：650/1139（fetch_error 累計 0；finmind_price 快取檔數 1428）
上櫃股進度：700/1139（fetch_error 累計 0；finmind_price 快取檔數 1428）
上櫃股進度：750/1139（fetch_error 累計 0；finmind_price 快取檔數 1428）
上櫃股進度：800/1139（fetch_error 累計 0；finmind_price 快取檔數 1428）
上櫃股進度：850/1139（fetch_error 累計 0；finmind_price 快取檔數 1428）
上櫃股進度：900/1139（fetch_error 累計 0；finmind_price 快取檔數 1428）
上櫃股進度：950/1139（fetch_error 累計 0；finmind_price 快取檔數 1428）
上櫃股進度：1000/1139（fetch_error 累計 0；finmind_price 快取檔數 1428）
上櫃股進度：1050/1139（fetch_error 累計 0；finmind_price 快取檔數 1428）
上櫃股進度：1100/1139（fetch_error 累計 0；finmind_price 快取檔數 1428）
[60/138] 2019-12 已寫入：data/snapshots\2019-12\universe.json
[61/138] 2020-01 已存在但版本過時（0007-v1 → 0007-v2），重建...
上櫃股進度：50/1139（fetch_error 累計 0；finmind_price 快取檔數 1428）
上櫃股進度：100/1139（fetch_error 累計 0；finmind_price 快取檔數 1428）
上櫃股進度：150/1139（fetch_error 累計 0；finmind_price 快取檔數 1428）
上櫃股進度：200/1139（fetch_error 累計 0；finmind_price 快取檔數 1428）
上櫃股進度：250/1139（fetch_error 累計 0；finmind_price 快取檔數 1428）
上櫃股進度：300/1139（fetch_error 累計 0；finmind_price 快取檔數 1428）
上櫃股進度：350/1139（fetch_error 累計 0；finmind_price 快取檔數 1428）
上櫃股進度：400/1139（fetch_error 累計 0；finmind_price 快取檔數 1428）
上櫃股進度：450/1139（fetch_error 累計 0；finmind_price 快取檔數 1428）
上櫃股進度：500/1139（fetch_error 累計 0；finmind_price 快取檔數 1428）
上櫃股進度：550/1139（fetch_error 累計 0；finmind_price 快取檔數 1428）
上櫃股進度：600/1139（fetch_error 累計 0；finmind_price 快取檔數 1428）
上櫃股進度：650/1139（fetch_error 累計 0；finmind_price 快取檔數 1428）
上櫃股進度：700/1139（fetch_error 累計 0；finmind_price 快取檔數 1428）
上櫃股進度：750/1139（fetch_error 累計 0；finmind_price 快取檔數 1428）
上櫃股進度：800/1139（fetch_error 累計 0；finmind_price 快取檔數 1428）
上櫃股進度：850/1139（fetch_error 累計 0；finmind_price 快取檔數 1428）
上櫃股進度：900/1139（fetch_error 累計 0；finmind_price 快取檔數 1428）
上櫃股進度：950/1139（fetch_error 累計 0；finmind_price 快取檔數 1428）
上櫃股進度：1000/1139（fetch_error 累計 0；finmind_price 快取檔數 1428）
上櫃股進度：1050/1139（fetch_error 累計 0；finmind_price 快取檔數 1428）
上櫃股進度：1100/1139（fetch_error 累計 0；finmind_price 快取檔數 1428）
[61/138] 2020-01 已寫入：data/snapshots\2020-01\universe.json
[62/138] 2020-02 已存在但版本過時（0007-v1 → 0007-v2），重建...
上櫃股進度：50/1139（fetch_error 累計 0；finmind_price 快取檔數 1428）
上櫃股進度：100/1139（fetch_error 累計 0；finmind_price 快取檔數 1428）
上櫃股進度：150/1139（fetch_error 累計 0；finmind_price 快取檔數 1428）
上櫃股進度：200/1139（fetch_error 累計 0；finmind_price 快取檔數 1428）
上櫃股進度：250/1139（fetch_error 累計 0；finmind_price 快取檔數 1428）
上櫃股進度：300/1139（fetch_error 累計 0；finmind_price 快取檔數 1428）
上櫃股進度：350/1139（fetch_error 累計 0；finmind_price 快取檔數 1428）
上櫃股進度：400/1139（fetch_error 累計 0；finmind_price 快取檔數 1428）
上櫃股進度：450/1139（fetch_error 累計 0；finmind_price 快取檔數 1428）
上櫃股進度：500/1139（fetch_error 累計 0；finmind_price 快取檔數 1428）
上櫃股進度：550/1139（fetch_error 累計 0；finmind_price 快取檔數 1428）
上櫃股進度：600/1139（fetch_error 累計 0；finmind_price 快取檔數 1428）
上櫃股進度：650/1139（fetch_error 累計 0；finmind_price 快取檔數 1428）
上櫃股進度：700/1139（fetch_error 累計 0；finmind_price 快取檔數 1428）
上櫃股進度：750/1139（fetch_error 累計 0；finmind_price 快取檔數 1428）
上櫃股進度：800/1139（fetch_error 累計 0；finmind_price 快取檔數 1428）
上櫃股進度：850/1139（fetch_error 累計 0；finmind_price 快取檔數 1428）
上櫃股進度：900/1139（fetch_error 累計 0；finmind_price 快取檔數 1428）
上櫃股進度：950/1139（fetch_error 累計 0；finmind_price 快取檔數 1428）
上櫃股進度：1000/1139（fetch_error 累計 0；finmind_price 快取檔數 1428）
上櫃股進度：1050/1139（fetch_error 累計 0；finmind_price 快取檔數 1428）
上櫃股進度：1100/1139（fetch_error 累計 0；finmind_price 快取檔數 1428）
[62/138] 2020-02 已寫入：data/snapshots\2020-02\universe.json
[63/138] 2020-03 已存在但版本過時（0007-v1 → 0007-v2），重建...
上櫃股進度：50/1139（fetch_error 累計 0；finmind_price 快取檔數 1428）
上櫃股進度：100/1139（fetch_error 累計 0；finmind_price 快取檔數 1428）
上櫃股進度：150/1139（fetch_error 累計 0；finmind_price 快取檔數 1428）
上櫃股進度：200/1139（fetch_error 累計 0；finmind_price 快取檔數 1428）
上櫃股進度：250/1139（fetch_error 累計 0；finmind_price 快取檔數 1428）
上櫃股進度：300/1139（fetch_error 累計 0；finmind_price 快取檔數 1428）
上櫃股進度：350/1139（fetch_error 累計 0；finmind_price 快取檔數 1428）
上櫃股進度：400/1139（fetch_error 累計 0；finmind_price 快取檔數 1428）
上櫃股進度：450/1139（fetch_error 累計 0；finmind_price 快取檔數 1428）
上櫃股進度：500/1139（fetch_error 累計 0；finmind_price 快取檔數 1428）
上櫃股進度：550/1139（fetch_error 累計 0；finmind_price 快取檔數 1428）
上櫃股進度：600/1139（fetch_error 累計 0；finmind_price 快取檔數 1428）
上櫃股進度：650/1139（fetch_error 累計 0；finmind_price 快取檔數 1428）
上櫃股進度：700/1139（fetch_error 累計 0；finmind_price 快取檔數 1428）
上櫃股進度：750/1139（fetch_error 累計 0；finmind_price 快取檔數 1428）
上櫃股進度：800/1139（fetch_error 累計 0；finmind_price 快取檔數 1428）
上櫃股進度：850/1139（fetch_error 累計 0；finmind_price 快取檔數 1428）
上櫃股進度：900/1139（fetch_error 累計 0；finmind_price 快取檔數 1428）
上櫃股進度：950/1139（fetch_error 累計 0；finmind_price 快取檔數 1428）
上櫃股進度：1000/1139（fetch_error 累計 0；finmind_price 快取檔數 1428）
上櫃股進度：1050/1139（fetch_error 累計 0；finmind_price 快取檔數 1428）
上櫃股進度：1100/1139（fetch_error 累計 0；finmind_price 快取檔數 1428）
[63/138] 2020-03 已寫入：data/snapshots\2020-03\universe.json
[64/138] 2020-04 已存在但版本過時（0007-v1 → 0007-v2），重建...
上櫃股進度：50/1139（fetch_error 累計 0；finmind_price 快取檔數 1428）
上櫃股進度：100/1139（fetch_error 累計 0；finmind_price 快取檔數 1428）
上櫃股進度：150/1139（fetch_error 累計 0；finmind_price 快取檔數 1428）
上櫃股進度：200/1139（fetch_error 累計 0；finmind_price 快取檔數 1428）
上櫃股進度：250/1139（fetch_error 累計 0；finmind_price 快取檔數 1428）
上櫃股進度：300/1139（fetch_error 累計 0；finmind_price 快取檔數 1428）
上櫃股進度：350/1139（fetch_error 累計 0；finmind_price 快取檔數 1428）
上櫃股進度：400/1139（fetch_error 累計 0；finmind_price 快取檔數 1428）
上櫃股進度：450/1139（fetch_error 累計 0；finmind_price 快取檔數 1428）
上櫃股進度：500/1139（fetch_error 累計 0；finmind_price 快取檔數 1428）
上櫃股進度：550/1139（fetch_error 累計 0；finmind_price 快取檔數 1428）
上櫃股進度：600/1139（fetch_error 累計 0；finmind_price 快取檔數 1428）
上櫃股進度：650/1139（fetch_error 累計 0；finmind_price 快取檔數 1428）
上櫃股進度：700/1139（fetch_error 累計 0；finmind_price 快取檔數 1428）
上櫃股進度：750/1139（fetch_error 累計 0；finmind_price 快取檔數 1428）
上櫃股進度：800/1139（fetch_error 累計 0；finmind_price 快取檔數 1428）
上櫃股進度：850/1139（fetch_error 累計 0；finmind_price 快取檔數 1428）
上櫃股進度：900/1139（fetch_error 累計 0；finmind_price 快取檔數 1428）
上櫃股進度：950/1139（fetch_error 累計 0；finmind_price 快取檔數 1428）
上櫃股進度：1000/1139（fetch_error 累計 0；finmind_price 快取檔數 1428）
上櫃股進度：1050/1139（fetch_error 累計 0；finmind_price 快取檔數 1428）
上櫃股進度：1100/1139（fetch_error 累計 0；finmind_price 快取檔數 1428）
[64/138] 2020-04 已寫入：data/snapshots\2020-04\universe.json
[65/138] 2020-05 已存在但版本過時（0007-v1 → 0007-v2），重建...
上櫃股進度：50/1139（fetch_error 累計 0；finmind_price 快取檔數 1428）
上櫃股進度：100/1139（fetch_error 累計 0；finmind_price 快取檔數 1428）
上櫃股進度：150/1139（fetch_error 累計 0；finmind_price 快取檔數 1428）
上櫃股進度：200/1139（fetch_error 累計 0；finmind_price 快取檔數 1428）
上櫃股進度：250/1139（fetch_error 累計 0；finmind_price 快取檔數 1428）
上櫃股進度：300/1139（fetch_error 累計 0；finmind_price 快取檔數 1428）
上櫃股進度：350/1139（fetch_error 累計 0；finmind_price 快取檔數 1428）
上櫃股進度：400/1139（fetch_error 累計 0；finmind_price 快取檔數 1428）
上櫃股進度：450/1139（fetch_error 累計 0；finmind_price 快取檔數 1428）
上櫃股進度：500/1139（fetch_error 累計 0；finmind_price 快取檔數 1428）
上櫃股進度：550/1139（fetch_error 累計 0；finmind_price 快取檔數 1428）
上櫃股進度：600/1139（fetch_error 累計 0；finmind_price 快取檔數 1428）
上櫃股進度：650/1139（fetch_error 累計 0；finmind_price 快取檔數 1428）
上櫃股進度：700/1139（fetch_error 累計 0；finmind_price 快取檔數 1428）
上櫃股進度：750/1139（fetch_error 累計 0；finmind_price 快取檔數 1428）
上櫃股進度：800/1139（fetch_error 累計 0；finmind_price 快取檔數 1428）
上櫃股進度：850/1139（fetch_error 累計 0；finmind_price 快取檔數 1428）
上櫃股進度：900/1139（fetch_error 累計 0；finmind_price 快取檔數 1428）
上櫃股進度：950/1139（fetch_error 累計 0；finmind_price 快取檔數 1428）
上櫃股進度：1000/1139（fetch_error 累計 0；finmind_price 快取檔數 1428）
上櫃股進度：1050/1139（fetch_error 累計 0；finmind_price 快取檔數 1428）
上櫃股進度：1100/1139（fetch_error 累計 0；finmind_price 快取檔數 1428）
[65/138] 2020-05 已寫入：data/snapshots\2020-05\universe.json
[66/138] 2020-06 已存在但版本過時（0007-v1 → 0007-v2），重建...
上櫃股進度：50/1139（fetch_error 累計 0；finmind_price 快取檔數 1428）
上櫃股進度：100/1139（fetch_error 累計 0；finmind_price 快取檔數 1428）
上櫃股進度：150/1139（fetch_error 累計 0；finmind_price 快取檔數 1428）
上櫃股進度：200/1139（fetch_error 累計 0；finmind_price 快取檔數 1428）
上櫃股進度：250/1139（fetch_error 累計 0；finmind_price 快取檔數 1428）
上櫃股進度：300/1139（fetch_error 累計 0；finmind_price 快取檔數 1428）
上櫃股進度：350/1139（fetch_error 累計 0；finmind_price 快取檔數 1428）
上櫃股進度：400/1139（fetch_error 累計 0；finmind_price 快取檔數 1428）
上櫃股進度：450/1139（fetch_error 累計 0；finmind_price 快取檔數 1428）
上櫃股進度：500/1139（fetch_error 累計 0；finmind_price 快取檔數 1428）
上櫃股進度：550/1139（fetch_error 累計 0；finmind_price 快取檔數 1428）
上櫃股進度：600/1139（fetch_error 累計 0；finmind_price 快取檔數 1428）
上櫃股進度：650/1139（fetch_error 累計 0；finmind_price 快取檔數 1428）
上櫃股進度：700/1139（fetch_error 累計 0；finmind_price 快取檔數 1428）
上櫃股進度：750/1139（fetch_error 累計 0；finmind_price 快取檔數 1428）
上櫃股進度：800/1139（fetch_error 累計 0；finmind_price 快取檔數 1428）
上櫃股進度：850/1139（fetch_error 累計 0；finmind_price 快取檔數 1428）
上櫃股進度：900/1139（fetch_error 累計 0；finmind_price 快取檔數 1428）
上櫃股進度：950/1139（fetch_error 累計 0；finmind_price 快取檔數 1428）
上櫃股進度：1000/1139（fetch_error 累計 0；finmind_price 快取檔數 1428）
上櫃股進度：1050/1139（fetch_error 累計 0；finmind_price 快取檔數 1428）
上櫃股進度：1100/1139（fetch_error 累計 0；finmind_price 快取檔數 1428）
[66/138] 2020-06 已寫入：data/snapshots\2020-06\universe.json
[67/138] 2020-07 已存在但版本過時（0007-v1 → 0007-v2），重建...
上櫃股進度：50/1139（fetch_error 累計 0；finmind_price 快取檔數 1428）
上櫃股進度：100/1139（fetch_error 累計 0；finmind_price 快取檔數 1428）
上櫃股進度：150/1139（fetch_error 累計 0；finmind_price 快取檔數 1428）
上櫃股進度：200/1139（fetch_error 累計 0；finmind_price 快取檔數 1428）
上櫃股進度：250/1139（fetch_error 累計 0；finmind_price 快取檔數 1428）
上櫃股進度：300/1139（fetch_error 累計 0；finmind_price 快取檔數 1428）
上櫃股進度：350/1139（fetch_error 累計 0；finmind_price 快取檔數 1428）
上櫃股進度：400/1139（fetch_error 累計 0；finmind_price 快取檔數 1428）
上櫃股進度：450/1139（fetch_error 累計 0；finmind_price 快取檔數 1428）
上櫃股進度：500/1139（fetch_error 累計 0；finmind_price 快取檔數 1428）
上櫃股進度：550/1139（fetch_error 累計 0；finmind_price 快取檔數 1428）
上櫃股進度：600/1139（fetch_error 累計 0；finmind_price 快取檔數 1428）
上櫃股進度：650/1139（fetch_error 累計 0；finmind_price 快取檔數 1428）
上櫃股進度：700/1139（fetch_error 累計 0；finmind_price 快取檔數 1428）
上櫃股進度：750/1139（fetch_error 累計 0；finmind_price 快取檔數 1428）
上櫃股進度：800/1139（fetch_error 累計 0；finmind_price 快取檔數 1428）
上櫃股進度：850/1139（fetch_error 累計 0；finmind_price 快取檔數 1428）
上櫃股進度：900/1139（fetch_error 累計 0；finmind_price 快取檔數 1428）
上櫃股進度：950/1139（fetch_error 累計 0；finmind_price 快取檔數 1428）
上櫃股進度：1000/1139（fetch_error 累計 0；finmind_price 快取檔數 1428）
上櫃股進度：1050/1139（fetch_error 累計 0；finmind_price 快取檔數 1428）
上櫃股進度：1100/1139（fetch_error 累計 0；finmind_price 快取檔數 1428）
[67/138] 2020-07 已寫入：data/snapshots\2020-07\universe.json
[68/138] 2020-08 已存在但版本過時（0007-v1 → 0007-v2），重建...
上櫃股進度：50/1139（fetch_error 累計 0；finmind_price 快取檔數 1428）
上櫃股進度：100/1139（fetch_error 累計 0；finmind_price 快取檔數 1428）
上櫃股進度：150/1139（fetch_error 累計 0；finmind_price 快取檔數 1428）
上櫃股進度：200/1139（fetch_error 累計 0；finmind_price 快取檔數 1428）
上櫃股進度：250/1139（fetch_error 累計 0；finmind_price 快取檔數 1428）
上櫃股進度：300/1139（fetch_error 累計 0；finmind_price 快取檔數 1428）
上櫃股進度：350/1139（fetch_error 累計 0；finmind_price 快取檔數 1428）
上櫃股進度：400/1139（fetch_error 累計 0；finmind_price 快取檔數 1428）
上櫃股進度：450/1139（fetch_error 累計 0；finmind_price 快取檔數 1428）
上櫃股進度：500/1139（fetch_error 累計 0；finmind_price 快取檔數 1428）
上櫃股進度：550/1139（fetch_error 累計 0；finmind_price 快取檔數 1428）
上櫃股進度：600/1139（fetch_error 累計 0；finmind_price 快取檔數 1428）
上櫃股進度：650/1139（fetch_error 累計 0；finmind_price 快取檔數 1428）
上櫃股進度：700/1139（fetch_error 累計 0；finmind_price 快取檔數 1428）
上櫃股進度：750/1139（fetch_error 累計 0；finmind_price 快取檔數 1428）
上櫃股進度：800/1139（fetch_error 累計 0；finmind_price 快取檔數 1428）
上櫃股進度：850/1139（fetch_error 累計 0；finmind_price 快取檔數 1428）
上櫃股進度：900/1139（fetch_error 累計 0；finmind_price 快取檔數 1428）
上櫃股進度：950/1139（fetch_error 累計 0；finmind_price 快取檔數 1428）
上櫃股進度：1000/1139（fetch_error 累計 0；finmind_price 快取檔數 1428）
上櫃股進度：1050/1139（fetch_error 累計 0；finmind_price 快取檔數 1428）
上櫃股進度：1100/1139（fetch_error 累計 0；finmind_price 快取檔數 1428）
[68/138] 2020-08 已寫入：data/snapshots\2020-08\universe.json
[69/138] 2020-09 已存在但版本過時（0007-v1 → 0007-v2），重建...
上櫃股進度：50/1139（fetch_error 累計 0；finmind_price 快取檔數 1428）
上櫃股進度：100/1139（fetch_error 累計 0；finmind_price 快取檔數 1428）
上櫃股進度：150/1139（fetch_error 累計 0；finmind_price 快取檔數 1428）
上櫃股進度：200/1139（fetch_error 累計 0；finmind_price 快取檔數 1428）
上櫃股進度：250/1139（fetch_error 累計 0；finmind_price 快取檔數 1428）
上櫃股進度：300/1139（fetch_error 累計 0；finmind_price 快取檔數 1428）
上櫃股進度：350/1139（fetch_error 累計 0；finmind_price 快取檔數 1428）
上櫃股進度：400/1139（fetch_error 累計 0；finmind_price 快取檔數 1428）
上櫃股進度：450/1139（fetch_error 累計 0；finmind_price 快取檔數 1428）
上櫃股進度：500/1139（fetch_error 累計 0；finmind_price 快取檔數 1428）
上櫃股進度：550/1139（fetch_error 累計 0；finmind_price 快取檔數 1428）
上櫃股進度：600/1139（fetch_error 累計 0；finmind_price 快取檔數 1428）
上櫃股進度：650/1139（fetch_error 累計 0；finmind_price 快取檔數 1428）
上櫃股進度：700/1139（fetch_error 累計 0；finmind_price 快取檔數 1428）
上櫃股進度：750/1139（fetch_error 累計 0；finmind_price 快取檔數 1428）
上櫃股進度：800/1139（fetch_error 累計 0；finmind_price 快取檔數 1428）
上櫃股進度：850/1139（fetch_error 累計 0；finmind_price 快取檔數 1428）
上櫃股進度：900/1139（fetch_error 累計 0；finmind_price 快取檔數 1428）
上櫃股進度：950/1139（fetch_error 累計 0；finmind_price 快取檔數 1428）
上櫃股進度：1000/1139（fetch_error 累計 0；finmind_price 快取檔數 1428）
上櫃股進度：1050/1139（fetch_error 累計 0；finmind_price 快取檔數 1428）
上櫃股進度：1100/1139（fetch_error 累計 0；finmind_price 快取檔數 1428）
[69/138] 2020-09 已寫入：data/snapshots\2020-09\universe.json
[70/138] 2020-10 已存在但版本過時（0007-v1 → 0007-v2），重建...
上櫃股進度：50/1139（fetch_error 累計 0；finmind_price 快取檔數 1428）
上櫃股進度：100/1139（fetch_error 累計 0；finmind_price 快取檔數 1428）
上櫃股進度：150/1139（fetch_error 累計 0；finmind_price 快取檔數 1428）
上櫃股進度：200/1139（fetch_error 累計 0；finmind_price 快取檔數 1428）
上櫃股進度：250/1139（fetch_error 累計 0；finmind_price 快取檔數 1428）
上櫃股進度：300/1139（fetch_error 累計 0；finmind_price 快取檔數 1428）
上櫃股進度：350/1139（fetch_error 累計 0；finmind_price 快取檔數 1428）
上櫃股進度：400/1139（fetch_error 累計 0；finmind_price 快取檔數 1428）
上櫃股進度：450/1139（fetch_error 累計 0；finmind_price 快取檔數 1428）
上櫃股進度：500/1139（fetch_error 累計 0；finmind_price 快取檔數 1428）
上櫃股進度：550/1139（fetch_error 累計 0；finmind_price 快取檔數 1428）
上櫃股進度：600/1139（fetch_error 累計 0；finmind_price 快取檔數 1428）
上櫃股進度：650/1139（fetch_error 累計 0；finmind_price 快取檔數 1428）
上櫃股進度：700/1139（fetch_error 累計 0；finmind_price 快取檔數 1428）
上櫃股進度：750/1139（fetch_error 累計 0；finmind_price 快取檔數 1428）
上櫃股進度：800/1139（fetch_error 累計 0；finmind_price 快取檔數 1428）
上櫃股進度：850/1139（fetch_error 累計 0；finmind_price 快取檔數 1428）
上櫃股進度：900/1139（fetch_error 累計 0；finmind_price 快取檔數 1428）
上櫃股進度：950/1139（fetch_error 累計 0；finmind_price 快取檔數 1428）
上櫃股進度：1000/1139（fetch_error 累計 0；finmind_price 快取檔數 1428）
上櫃股進度：1050/1139（fetch_error 累計 0；finmind_price 快取檔數 1428）
上櫃股進度：1100/1139（fetch_error 累計 0；finmind_price 快取檔數 1428）
[70/138] 2020-10 已寫入：data/snapshots\2020-10\universe.json
[71/138] 2020-11 已存在但版本過時（0007-v1 → 0007-v2），重建...
上櫃股進度：50/1139（fetch_error 累計 0；finmind_price 快取檔數 1428）
上櫃股進度：100/1139（fetch_error 累計 0；finmind_price 快取檔數 1428）
上櫃股進度：150/1139（fetch_error 累計 0；finmind_price 快取檔數 1428）
上櫃股進度：200/1139（fetch_error 累計 0；finmind_price 快取檔數 1428）
上櫃股進度：250/1139（fetch_error 累計 0；finmind_price 快取檔數 1428）
上櫃股進度：300/1139（fetch_error 累計 0；finmind_price 快取檔數 1428）
上櫃股進度：350/1139（fetch_error 累計 0；finmind_price 快取檔數 1428）
上櫃股進度：400/1139（fetch_error 累計 0；finmind_price 快取檔數 1428）
上櫃股進度：450/1139（fetch_error 累計 0；finmind_price 快取檔數 1428）
上櫃股進度：500/1139（fetch_error 累計 0；finmind_price 快取檔數 1428）
上櫃股進度：550/1139（fetch_error 累計 0；finmind_price 快取檔數 1428）
上櫃股進度：600/1139（fetch_error 累計 0；finmind_price 快取檔數 1428）
上櫃股進度：650/1139（fetch_error 累計 0；finmind_price 快取檔數 1428）
上櫃股進度：700/1139（fetch_error 累計 0；finmind_price 快取檔數 1428）
上櫃股進度：750/1139（fetch_error 累計 0；finmind_price 快取檔數 1428）
上櫃股進度：800/1139（fetch_error 累計 0；finmind_price 快取檔數 1428）
上櫃股進度：850/1139（fetch_error 累計 0；finmind_price 快取檔數 1428）
上櫃股進度：900/1139（fetch_error 累計 0；finmind_price 快取檔數 1428）
上櫃股進度：950/1139（fetch_error 累計 0；finmind_price 快取檔數 1428）
上櫃股進度：1000/1139（fetch_error 累計 0；finmind_price 快取檔數 1428）
上櫃股進度：1050/1139（fetch_error 累計 0；finmind_price 快取檔數 1428）
上櫃股進度：1100/1139（fetch_error 累計 0；finmind_price 快取檔數 1428）
[71/138] 2020-11 已寫入：data/snapshots\2020-11\universe.json
[72/138] 2020-12 已存在但版本過時（0007-v1 → 0007-v2），重建...
上櫃股進度：50/1139（fetch_error 累計 0；finmind_price 快取檔數 1428）
上櫃股進度：100/1139（fetch_error 累計 0；finmind_price 快取檔數 1428）
上櫃股進度：150/1139（fetch_error 累計 0；finmind_price 快取檔數 1428）
上櫃股進度：200/1139（fetch_error 累計 0；finmind_price 快取檔數 1428）
上櫃股進度：250/1139（fetch_error 累計 0；finmind_price 快取檔數 1428）
上櫃股進度：300/1139（fetch_error 累計 0；finmind_price 快取檔數 1428）
上櫃股進度：350/1139（fetch_error 累計 0；finmind_price 快取檔數 1428）
上櫃股進度：400/1139（fetch_error 累計 0；finmind_price 快取檔數 1428）
上櫃股進度：450/1139（fetch_error 累計 0；finmind_price 快取檔數 1428）
上櫃股進度：500/1139（fetch_error 累計 0；finmind_price 快取檔數 1428）
上櫃股進度：550/1139（fetch_error 累計 0；finmind_price 快取檔數 1428）
上櫃股進度：600/1139（fetch_error 累計 0；finmind_price 快取檔數 1428）
上櫃股進度：650/1139（fetch_error 累計 0；finmind_price 快取檔數 1428）
上櫃股進度：700/1139（fetch_error 累計 0；finmind_price 快取檔數 1428）
上櫃股進度：750/1139（fetch_error 累計 0；finmind_price 快取檔數 1428）
上櫃股進度：800/1139（fetch_error 累計 0；finmind_price 快取檔數 1428）
上櫃股進度：850/1139（fetch_error 累計 0；finmind_price 快取檔數 1428）
上櫃股進度：900/1139（fetch_error 累計 0；finmind_price 快取檔數 1428）
上櫃股進度：950/1139（fetch_error 累計 0；finmind_price 快取檔數 1428）
上櫃股進度：1000/1139（fetch_error 累計 0；finmind_price 快取檔數 1428）
上櫃股進度：1050/1139（fetch_error 累計 0；finmind_price 快取檔數 1428）
上櫃股進度：1100/1139（fetch_error 累計 0；finmind_price 快取檔數 1428）
[72/138] 2020-12 已寫入：data/snapshots\2020-12\universe.json
[73/138] 2021-01 已存在但版本過時（0007-v1 → 0007-v2），重建...
上櫃股進度：50/1139（fetch_error 累計 0；finmind_price 快取檔數 1428）
上櫃股進度：100/1139（fetch_error 累計 0；finmind_price 快取檔數 1428）
上櫃股進度：150/1139（fetch_error 累計 0；finmind_price 快取檔數 1428）
上櫃股進度：200/1139（fetch_error 累計 0；finmind_price 快取檔數 1428）
上櫃股進度：250/1139（fetch_error 累計 0；finmind_price 快取檔數 1428）
上櫃股進度：300/1139（fetch_error 累計 0；finmind_price 快取檔數 1428）
上櫃股進度：350/1139（fetch_error 累計 0；finmind_price 快取檔數 1428）
上櫃股進度：400/1139（fetch_error 累計 0；finmind_price 快取檔數 1428）
上櫃股進度：450/1139（fetch_error 累計 0；finmind_price 快取檔數 1428）
上櫃股進度：500/1139（fetch_error 累計 0；finmind_price 快取檔數 1428）
上櫃股進度：550/1139（fetch_error 累計 0；finmind_price 快取檔數 1428）
上櫃股進度：600/1139（fetch_error 累計 0；finmind_price 快取檔數 1428）
上櫃股進度：650/1139（fetch_error 累計 0；finmind_price 快取檔數 1428）
上櫃股進度：700/1139（fetch_error 累計 0；finmind_price 快取檔數 1428）
上櫃股進度：750/1139（fetch_error 累計 0；finmind_price 快取檔數 1428）
上櫃股進度：800/1139（fetch_error 累計 0；finmind_price 快取檔數 1428）
上櫃股進度：850/1139（fetch_error 累計 0；finmind_price 快取檔數 1428）
上櫃股進度：900/1139（fetch_error 累計 0；finmind_price 快取檔數 1428）
上櫃股進度：950/1139（fetch_error 累計 0；finmind_price 快取檔數 1428）
上櫃股進度：1000/1139（fetch_error 累計 0；finmind_price 快取檔數 1428）
上櫃股進度：1050/1139（fetch_error 累計 0；finmind_price 快取檔數 1428）
上櫃股進度：1100/1139（fetch_error 累計 0；finmind_price 快取檔數 1428）
[73/138] 2021-01 已寫入：data/snapshots\2021-01\universe.json
[74/138] 2021-02 已存在但版本過時（0007-v1 → 0007-v2），重建...
上櫃股進度：50/1139（fetch_error 累計 0；finmind_price 快取檔數 1428）
上櫃股進度：100/1139（fetch_error 累計 0；finmind_price 快取檔數 1428）
上櫃股進度：150/1139（fetch_error 累計 0；finmind_price 快取檔數 1428）
上櫃股進度：200/1139（fetch_error 累計 0；finmind_price 快取檔數 1428）
上櫃股進度：250/1139（fetch_error 累計 0；finmind_price 快取檔數 1428）
上櫃股進度：300/1139（fetch_error 累計 0；finmind_price 快取檔數 1428）
上櫃股進度：350/1139（fetch_error 累計 0；finmind_price 快取檔數 1428）
上櫃股進度：400/1139（fetch_error 累計 0；finmind_price 快取檔數 1428）
上櫃股進度：450/1139（fetch_error 累計 0；finmind_price 快取檔數 1428）
上櫃股進度：500/1139（fetch_error 累計 0；finmind_price 快取檔數 1428）
上櫃股進度：550/1139（fetch_error 累計 0；finmind_price 快取檔數 1428）
上櫃股進度：600/1139（fetch_error 累計 0；finmind_price 快取檔數 1428）
上櫃股進度：650/1139（fetch_error 累計 0；finmind_price 快取檔數 1428）
上櫃股進度：700/1139（fetch_error 累計 0；finmind_price 快取檔數 1428）
上櫃股進度：750/1139（fetch_error 累計 0；finmind_price 快取檔數 1428）
上櫃股進度：800/1139（fetch_error 累計 0；finmind_price 快取檔數 1428）
上櫃股進度：850/1139（fetch_error 累計 0；finmind_price 快取檔數 1428）
上櫃股進度：900/1139（fetch_error 累計 0；finmind_price 快取檔數 1428）
上櫃股進度：950/1139（fetch_error 累計 0；finmind_price 快取檔數 1428）
上櫃股進度：1000/1139（fetch_error 累計 0；finmind_price 快取檔數 1428）
上櫃股進度：1050/1139（fetch_error 累計 0；finmind_price 快取檔數 1428）
上櫃股進度：1100/1139（fetch_error 累計 0；finmind_price 快取檔數 1428）
[74/138] 2021-02 已寫入：data/snapshots\2021-02\universe.json
[75/138] 2021-03 已存在但版本過時（0007-v1 → 0007-v2），重建...
上櫃股進度：50/1139（fetch_error 累計 0；finmind_price 快取檔數 1428）
上櫃股進度：100/1139（fetch_error 累計 0；finmind_price 快取檔數 1428）
上櫃股進度：150/1139（fetch_error 累計 0；finmind_price 快取檔數 1428）
上櫃股進度：200/1139（fetch_error 累計 0；finmind_price 快取檔數 1428）
上櫃股進度：250/1139（fetch_error 累計 0；finmind_price 快取檔數 1428）
上櫃股進度：300/1139（fetch_error 累計 0；finmind_price 快取檔數 1428）
上櫃股進度：350/1139（fetch_error 累計 0；finmind_price 快取檔數 1428）
上櫃股進度：400/1139（fetch_error 累計 0；finmind_price 快取檔數 1428）
上櫃股進度：450/1139（fetch_error 累計 0；finmind_price 快取檔數 1428）
上櫃股進度：500/1139（fetch_error 累計 0；finmind_price 快取檔數 1428）
上櫃股進度：550/1139（fetch_error 累計 0；finmind_price 快取檔數 1428）
上櫃股進度：600/1139（fetch_error 累計 0；finmind_price 快取檔數 1428）
上櫃股進度：650/1139（fetch_error 累計 0；finmind_price 快取檔數 1428）
上櫃股進度：700/1139（fetch_error 累計 0；finmind_price 快取檔數 1428）
上櫃股進度：750/1139（fetch_error 累計 0；finmind_price 快取檔數 1428）
上櫃股進度：800/1139（fetch_error 累計 0；finmind_price 快取檔數 1428）
上櫃股進度：850/1139（fetch_error 累計 0；finmind_price 快取檔數 1428）
上櫃股進度：900/1139（fetch_error 累計 0；finmind_price 快取檔數 1428）
上櫃股進度：950/1139（fetch_error 累計 0；finmind_price 快取檔數 1428）
上櫃股進度：1000/1139（fetch_error 累計 0；finmind_price 快取檔數 1428）
上櫃股進度：1050/1139（fetch_error 累計 0；finmind_price 快取檔數 1428）
上櫃股進度：1100/1139（fetch_error 累計 0；finmind_price 快取檔數 1428）
[75/138] 2021-03 已寫入：data/snapshots\2021-03\universe.json
[76/138] 2021-04 已存在但版本過時（0007-v1 → 0007-v2），重建...
上櫃股進度：50/1139（fetch_error 累計 0；finmind_price 快取檔數 1428）
上櫃股進度：100/1139（fetch_error 累計 0；finmind_price 快取檔數 1428）
上櫃股進度：150/1139（fetch_error 累計 0；finmind_price 快取檔數 1428）
上櫃股進度：200/1139（fetch_error 累計 0；finmind_price 快取檔數 1428）
上櫃股進度：250/1139（fetch_error 累計 0；finmind_price 快取檔數 1428）
上櫃股進度：300/1139（fetch_error 累計 0；finmind_price 快取檔數 1428）
上櫃股進度：350/1139（fetch_error 累計 0；finmind_price 快取檔數 1428）
上櫃股進度：400/1139（fetch_error 累計 0；finmind_price 快取檔數 1428）
上櫃股進度：450/1139（fetch_error 累計 0；finmind_price 快取檔數 1428）
上櫃股進度：500/1139（fetch_error 累計 0；finmind_price 快取檔數 1428）
上櫃股進度：550/1139（fetch_error 累計 0；finmind_price 快取檔數 1428）
上櫃股進度：600/1139（fetch_error 累計 0；finmind_price 快取檔數 1428）
上櫃股進度：650/1139（fetch_error 累計 0；finmind_price 快取檔數 1428）
上櫃股進度：700/1139（fetch_error 累計 0；finmind_price 快取檔數 1428）
上櫃股進度：750/1139（fetch_error 累計 0；finmind_price 快取檔數 1428）
上櫃股進度：800/1139（fetch_error 累計 0；finmind_price 快取檔數 1428）
上櫃股進度：850/1139（fetch_error 累計 0；finmind_price 快取檔數 1428）
上櫃股進度：900/1139（fetch_error 累計 0；finmind_price 快取檔數 1428）
上櫃股進度：950/1139（fetch_error 累計 0；finmind_price 快取檔數 1428）
上櫃股進度：1000/1139（fetch_error 累計 0；finmind_price 快取檔數 1428）
上櫃股進度：1050/1139（fetch_error 累計 0；finmind_price 快取檔數 1428）
上櫃股進度：1100/1139（fetch_error 累計 0；finmind_price 快取檔數 1428）
[76/138] 2021-04 已寫入：data/snapshots\2021-04\universe.json
[77/138] 2021-05 已存在但版本過時（0007-v1 → 0007-v2），重建...
上櫃股進度：50/1139（fetch_error 累計 0；finmind_price 快取檔數 1428）
上櫃股進度：100/1139（fetch_error 累計 0；finmind_price 快取檔數 1428）
上櫃股進度：150/1139（fetch_error 累計 0；finmind_price 快取檔數 1428）
上櫃股進度：200/1139（fetch_error 累計 0；finmind_price 快取檔數 1428）
上櫃股進度：250/1139（fetch_error 累計 0；finmind_price 快取檔數 1428）
上櫃股進度：300/1139（fetch_error 累計 0；finmind_price 快取檔數 1428）
上櫃股進度：350/1139（fetch_error 累計 0；finmind_price 快取檔數 1428）
上櫃股進度：400/1139（fetch_error 累計 0；finmind_price 快取檔數 1428）
上櫃股進度：450/1139（fetch_error 累計 0；finmind_price 快取檔數 1428）
上櫃股進度：500/1139（fetch_error 累計 0；finmind_price 快取檔數 1428）
上櫃股進度：550/1139（fetch_error 累計 0；finmind_price 快取檔數 1428）
上櫃股進度：600/1139（fetch_error 累計 0；finmind_price 快取檔數 1428）
上櫃股進度：650/1139（fetch_error 累計 0；finmind_price 快取檔數 1428）
上櫃股進度：700/1139（fetch_error 累計 0；finmind_price 快取檔數 1428）
上櫃股進度：750/1139（fetch_error 累計 0；finmind_price 快取檔數 1428）
上櫃股進度：800/1139（fetch_error 累計 0；finmind_price 快取檔數 1428）
上櫃股進度：850/1139（fetch_error 累計 0；finmind_price 快取檔數 1428）
上櫃股進度：900/1139（fetch_error 累計 0；finmind_price 快取檔數 1428）
上櫃股進度：950/1139（fetch_error 累計 0；finmind_price 快取檔數 1428）
上櫃股進度：1000/1139（fetch_error 累計 0；finmind_price 快取檔數 1428）
上櫃股進度：1050/1139（fetch_error 累計 0；finmind_price 快取檔數 1428）
上櫃股進度：1100/1139（fetch_error 累計 0；finmind_price 快取檔數 1428）
[77/138] 2021-05 已寫入：data/snapshots\2021-05\universe.json
[78/138] 2021-06 已存在但版本過時（0007-v1 → 0007-v2），重建...
上櫃股進度：50/1139（fetch_error 累計 0；finmind_price 快取檔數 1428）
上櫃股進度：100/1139（fetch_error 累計 0；finmind_price 快取檔數 1428）
上櫃股進度：150/1139（fetch_error 累計 0；finmind_price 快取檔數 1428）
上櫃股進度：200/1139（fetch_error 累計 0；finmind_price 快取檔數 1428）
上櫃股進度：250/1139（fetch_error 累計 0；finmind_price 快取檔數 1428）
上櫃股進度：300/1139（fetch_error 累計 0；finmind_price 快取檔數 1428）
上櫃股進度：350/1139（fetch_error 累計 0；finmind_price 快取檔數 1428）
上櫃股進度：400/1139（fetch_error 累計 0；finmind_price 快取檔數 1428）
上櫃股進度：450/1139（fetch_error 累計 0；finmind_price 快取檔數 1428）
上櫃股進度：500/1139（fetch_error 累計 0；finmind_price 快取檔數 1428）
上櫃股進度：550/1139（fetch_error 累計 0；finmind_price 快取檔數 1428）
上櫃股進度：600/1139（fetch_error 累計 0；finmind_price 快取檔數 1428）
上櫃股進度：650/1139（fetch_error 累計 0；finmind_price 快取檔數 1428）
上櫃股進度：700/1139（fetch_error 累計 0；finmind_price 快取檔數 1428）
上櫃股進度：750/1139（fetch_error 累計 0；finmind_price 快取檔數 1428）
上櫃股進度：800/1139（fetch_error 累計 0；finmind_price 快取檔數 1428）
上櫃股進度：850/1139（fetch_error 累計 0；finmind_price 快取檔數 1428）
上櫃股進度：900/1139（fetch_error 累計 0；finmind_price 快取檔數 1428）
上櫃股進度：950/1139（fetch_error 累計 0；finmind_price 快取檔數 1428）
上櫃股進度：1000/1139（fetch_error 累計 0；finmind_price 快取檔數 1428）
上櫃股進度：1050/1139（fetch_error 累計 0；finmind_price 快取檔數 1428）
上櫃股進度：1100/1139（fetch_error 累計 0；finmind_price 快取檔數 1428）
[78/138] 2021-06 已寫入：data/snapshots\2021-06\universe.json
[79/138] 2021-07 已存在但版本過時（0007-v1 → 0007-v2），重建...
上櫃股進度：50/1139（fetch_error 累計 0；finmind_price 快取檔數 1428）
上櫃股進度：100/1139（fetch_error 累計 0；finmind_price 快取檔數 1428）
上櫃股進度：150/1139（fetch_error 累計 0；finmind_price 快取檔數 1428）
上櫃股進度：200/1139（fetch_error 累計 0；finmind_price 快取檔數 1428）
上櫃股進度：250/1139（fetch_error 累計 0；finmind_price 快取檔數 1428）
上櫃股進度：300/1139（fetch_error 累計 0；finmind_price 快取檔數 1428）
上櫃股進度：350/1139（fetch_error 累計 0；finmind_price 快取檔數 1428）
上櫃股進度：400/1139（fetch_error 累計 0；finmind_price 快取檔數 1428）
上櫃股進度：450/1139（fetch_error 累計 0；finmind_price 快取檔數 1428）
上櫃股進度：500/1139（fetch_error 累計 0；finmind_price 快取檔數 1428）
上櫃股進度：550/1139（fetch_error 累計 0；finmind_price 快取檔數 1428）
上櫃股進度：600/1139（fetch_error 累計 0；finmind_price 快取檔數 1428）
上櫃股進度：650/1139（fetch_error 累計 0；finmind_price 快取檔數 1428）
上櫃股進度：700/1139（fetch_error 累計 0；finmind_price 快取檔數 1428）
上櫃股進度：750/1139（fetch_error 累計 0；finmind_price 快取檔數 1428）
上櫃股進度：800/1139（fetch_error 累計 0；finmind_price 快取檔數 1428）
上櫃股進度：850/1139（fetch_error 累計 0；finmind_price 快取檔數 1428）
上櫃股進度：900/1139（fetch_error 累計 0；finmind_price 快取檔數 1428）
上櫃股進度：950/1139（fetch_error 累計 0；finmind_price 快取檔數 1428）
上櫃股進度：1000/1139（fetch_error 累計 0；finmind_price 快取檔數 1428）
上櫃股進度：1050/1139（fetch_error 累計 0；finmind_price 快取檔數 1428）
上櫃股進度：1100/1139（fetch_error 累計 0；finmind_price 快取檔數 1428）
[79/138] 2021-07 已寫入：data/snapshots\2021-07\universe.json
[80/138] 2021-08 已存在但版本過時（0007-v1 → 0007-v2），重建...
上櫃股進度：50/1139（fetch_error 累計 0；finmind_price 快取檔數 1428）
上櫃股進度：100/1139（fetch_error 累計 0；finmind_price 快取檔數 1428）
上櫃股進度：150/1139（fetch_error 累計 0；finmind_price 快取檔數 1428）
上櫃股進度：200/1139（fetch_error 累計 0；finmind_price 快取檔數 1428）
上櫃股進度：250/1139（fetch_error 累計 0；finmind_price 快取檔數 1428）
上櫃股進度：300/1139（fetch_error 累計 0；finmind_price 快取檔數 1428）
上櫃股進度：350/1139（fetch_error 累計 0；finmind_price 快取檔數 1428）
上櫃股進度：400/1139（fetch_error 累計 0；finmind_price 快取檔數 1428）
上櫃股進度：450/1139（fetch_error 累計 0；finmind_price 快取檔數 1428）
上櫃股進度：500/1139（fetch_error 累計 0；finmind_price 快取檔數 1428）
上櫃股進度：550/1139（fetch_error 累計 0；finmind_price 快取檔數 1428）
上櫃股進度：600/1139（fetch_error 累計 0；finmind_price 快取檔數 1428）
上櫃股進度：650/1139（fetch_error 累計 0；finmind_price 快取檔數 1428）
上櫃股進度：700/1139（fetch_error 累計 0；finmind_price 快取檔數 1428）
上櫃股進度：750/1139（fetch_error 累計 0；finmind_price 快取檔數 1428）
上櫃股進度：800/1139（fetch_error 累計 0；finmind_price 快取檔數 1428）
上櫃股進度：850/1139（fetch_error 累計 0；finmind_price 快取檔數 1428）
上櫃股進度：900/1139（fetch_error 累計 0；finmind_price 快取檔數 1428）
上櫃股進度：950/1139（fetch_error 累計 0；finmind_price 快取檔數 1428）
上櫃股進度：1000/1139（fetch_error 累計 0；finmind_price 快取檔數 1428）
上櫃股進度：1050/1139（fetch_error 累計 0；finmind_price 快取檔數 1428）
上櫃股進度：1100/1139（fetch_error 累計 0；finmind_price 快取檔數 1428）
[80/138] 2021-08 已寫入：data/snapshots\2021-08\universe.json
[81/138] 2021-09 已存在但版本過時（0007-v1 → 0007-v2），重建...
上櫃股進度：50/1139（fetch_error 累計 0；finmind_price 快取檔數 1428）
上櫃股進度：100/1139（fetch_error 累計 0；finmind_price 快取檔數 1428）
上櫃股進度：150/1139（fetch_error 累計 0；finmind_price 快取檔數 1428）
上櫃股進度：200/1139（fetch_error 累計 0；finmind_price 快取檔數 1428）
上櫃股進度：250/1139（fetch_error 累計 0；finmind_price 快取檔數 1428）
上櫃股進度：300/1139（fetch_error 累計 0；finmind_price 快取檔數 1428）
上櫃股進度：350/1139（fetch_error 累計 0；finmind_price 快取檔數 1428）
上櫃股進度：400/1139（fetch_error 累計 0；finmind_price 快取檔數 1428）
上櫃股進度：450/1139（fetch_error 累計 0；finmind_price 快取檔數 1428）
上櫃股進度：500/1139（fetch_error 累計 0；finmind_price 快取檔數 1428）
上櫃股進度：550/1139（fetch_error 累計 0；finmind_price 快取檔數 1428）
上櫃股進度：600/1139（fetch_error 累計 0；finmind_price 快取檔數 1428）
上櫃股進度：650/1139（fetch_error 累計 0；finmind_price 快取檔數 1428）
上櫃股進度：700/1139（fetch_error 累計 0；finmind_price 快取檔數 1428）
上櫃股進度：750/1139（fetch_error 累計 0；finmind_price 快取檔數 1428）
上櫃股進度：800/1139（fetch_error 累計 0；finmind_price 快取檔數 1428）
上櫃股進度：850/1139（fetch_error 累計 0；finmind_price 快取檔數 1428）
上櫃股進度：900/1139（fetch_error 累計 0；finmind_price 快取檔數 1428）
上櫃股進度：950/1139（fetch_error 累計 0；finmind_price 快取檔數 1428）
上櫃股進度：1000/1139（fetch_error 累計 0；finmind_price 快取檔數 1428）
上櫃股進度：1050/1139（fetch_error 累計 0；finmind_price 快取檔數 1428）
上櫃股進度：1100/1139（fetch_error 累計 0；finmind_price 快取檔數 1428）
[81/138] 2021-09 已寫入：data/snapshots\2021-09\universe.json
[82/138] 2021-10 已存在但版本過時（0007-v1 → 0007-v2），重建...
上櫃股進度：50/1139（fetch_error 累計 0；finmind_price 快取檔數 1428）
上櫃股進度：100/1139（fetch_error 累計 0；finmind_price 快取檔數 1428）
上櫃股進度：150/1139（fetch_error 累計 0；finmind_price 快取檔數 1428）
上櫃股進度：200/1139（fetch_error 累計 0；finmind_price 快取檔數 1428）
上櫃股進度：250/1139（fetch_error 累計 0；finmind_price 快取檔數 1428）
上櫃股進度：300/1139（fetch_error 累計 0；finmind_price 快取檔數 1428）
上櫃股進度：350/1139（fetch_error 累計 0；finmind_price 快取檔數 1428）
上櫃股進度：400/1139（fetch_error 累計 0；finmind_price 快取檔數 1428）
上櫃股進度：450/1139（fetch_error 累計 0；finmind_price 快取檔數 1428）
上櫃股進度：500/1139（fetch_error 累計 0；finmind_price 快取檔數 1428）
上櫃股進度：550/1139（fetch_error 累計 0；finmind_price 快取檔數 1428）
上櫃股進度：600/1139（fetch_error 累計 0；finmind_price 快取檔數 1428）
上櫃股進度：650/1139（fetch_error 累計 0；finmind_price 快取檔數 1428）
上櫃股進度：700/1139（fetch_error 累計 0；finmind_price 快取檔數 1428）
上櫃股進度：750/1139（fetch_error 累計 0；finmind_price 快取檔數 1428）
上櫃股進度：800/1139（fetch_error 累計 0；finmind_price 快取檔數 1428）
上櫃股進度：850/1139（fetch_error 累計 0；finmind_price 快取檔數 1428）
上櫃股進度：900/1139（fetch_error 累計 0；finmind_price 快取檔數 1428）
上櫃股進度：950/1139（fetch_error 累計 0；finmind_price 快取檔數 1428）
上櫃股進度：1000/1139（fetch_error 累計 0；finmind_price 快取檔數 1428）
上櫃股進度：1050/1139（fetch_error 累計 0；finmind_price 快取檔數 1428）
上櫃股進度：1100/1139（fetch_error 累計 0；finmind_price 快取檔數 1428）
[82/138] 2021-10 已寫入：data/snapshots\2021-10\universe.json
[83/138] 2021-11 已存在但版本過時（0007-v1 → 0007-v2），重建...
上櫃股進度：50/1139（fetch_error 累計 0；finmind_price 快取檔數 1428）
上櫃股進度：100/1139（fetch_error 累計 0；finmind_price 快取檔數 1428）
上櫃股進度：150/1139（fetch_error 累計 0；finmind_price 快取檔數 1428）
上櫃股進度：200/1139（fetch_error 累計 0；finmind_price 快取檔數 1428）
上櫃股進度：250/1139（fetch_error 累計 0；finmind_price 快取檔數 1428）
上櫃股進度：300/1139（fetch_error 累計 0；finmind_price 快取檔數 1428）
上櫃股進度：350/1139（fetch_error 累計 0；finmind_price 快取檔數 1428）
上櫃股進度：400/1139（fetch_error 累計 0；finmind_price 快取檔數 1428）
上櫃股進度：450/1139（fetch_error 累計 0；finmind_price 快取檔數 1428）
上櫃股進度：500/1139（fetch_error 累計 0；finmind_price 快取檔數 1428）
上櫃股進度：550/1139（fetch_error 累計 0；finmind_price 快取檔數 1428）
上櫃股進度：600/1139（fetch_error 累計 0；finmind_price 快取檔數 1428）
上櫃股進度：650/1139（fetch_error 累計 0；finmind_price 快取檔數 1428）
上櫃股進度：700/1139（fetch_error 累計 0；finmind_price 快取檔數 1428）
上櫃股進度：750/1139（fetch_error 累計 0；finmind_price 快取檔數 1428）
上櫃股進度：800/1139（fetch_error 累計 0；finmind_price 快取檔數 1428）
上櫃股進度：850/1139（fetch_error 累計 0；finmind_price 快取檔數 1428）
上櫃股進度：900/1139（fetch_error 累計 0；finmind_price 快取檔數 1428）
上櫃股進度：950/1139（fetch_error 累計 0；finmind_price 快取檔數 1428）
上櫃股進度：1000/1139（fetch_error 累計 0；finmind_price 快取檔數 1428）
上櫃股進度：1050/1139（fetch_error 累計 0；finmind_price 快取檔數 1428）
上櫃股進度：1100/1139（fetch_error 累計 0；finmind_price 快取檔數 1428）
[83/138] 2021-11 已寫入：data/snapshots\2021-11\universe.json
[84/138] 2021-12 已存在但版本過時（0007-v1 → 0007-v2），重建...
上櫃股進度：50/1139（fetch_error 累計 0；finmind_price 快取檔數 1428）
上櫃股進度：100/1139（fetch_error 累計 0；finmind_price 快取檔數 1428）
上櫃股進度：150/1139（fetch_error 累計 0；finmind_price 快取檔數 1428）
上櫃股進度：200/1139（fetch_error 累計 0；finmind_price 快取檔數 1428）
上櫃股進度：250/1139（fetch_error 累計 0；finmind_price 快取檔數 1428）
上櫃股進度：300/1139（fetch_error 累計 0；finmind_price 快取檔數 1428）
上櫃股進度：350/1139（fetch_error 累計 0；finmind_price 快取檔數 1428）
上櫃股進度：400/1139（fetch_error 累計 0；finmind_price 快取檔數 1428）
上櫃股進度：450/1139（fetch_error 累計 0；finmind_price 快取檔數 1428）
上櫃股進度：500/1139（fetch_error 累計 0；finmind_price 快取檔數 1428）
上櫃股進度：550/1139（fetch_error 累計 0；finmind_price 快取檔數 1428）
上櫃股進度：600/1139（fetch_error 累計 0；finmind_price 快取檔數 1428）
上櫃股進度：650/1139（fetch_error 累計 0；finmind_price 快取檔數 1428）
上櫃股進度：700/1139（fetch_error 累計 0；finmind_price 快取檔數 1428）
上櫃股進度：750/1139（fetch_error 累計 0；finmind_price 快取檔數 1428）
上櫃股進度：800/1139（fetch_error 累計 0；finmind_price 快取檔數 1428）
上櫃股進度：850/1139（fetch_error 累計 0；finmind_price 快取檔數 1428）
上櫃股進度：900/1139（fetch_error 累計 0；finmind_price 快取檔數 1428）
上櫃股進度：950/1139（fetch_error 累計 0；finmind_price 快取檔數 1428）
上櫃股進度：1000/1139（fetch_error 累計 0；finmind_price 快取檔數 1428）
上櫃股進度：1050/1139（fetch_error 累計 0；finmind_price 快取檔數 1428）
上櫃股進度：1100/1139（fetch_error 累計 0；finmind_price 快取檔數 1428）
[84/138] 2021-12 已寫入：data/snapshots\2021-12\universe.json
[85/138] 2022-01 已存在但版本過時（0007-v1 → 0007-v2），重建...
上櫃股進度：50/1139（fetch_error 累計 0；finmind_price 快取檔數 1428）
上櫃股進度：100/1139（fetch_error 累計 0；finmind_price 快取檔數 1428）
上櫃股進度：150/1139（fetch_error 累計 0；finmind_price 快取檔數 1428）
上櫃股進度：200/1139（fetch_error 累計 0；finmind_price 快取檔數 1428）
上櫃股進度：250/1139（fetch_error 累計 0；finmind_price 快取檔數 1428）
上櫃股進度：300/1139（fetch_error 累計 0；finmind_price 快取檔數 1428）
上櫃股進度：350/1139（fetch_error 累計 0；finmind_price 快取檔數 1428）
上櫃股進度：400/1139（fetch_error 累計 0；finmind_price 快取檔數 1428）
上櫃股進度：450/1139（fetch_error 累計 0；finmind_price 快取檔數 1428）
上櫃股進度：500/1139（fetch_error 累計 0；finmind_price 快取檔數 1428）
上櫃股進度：550/1139（fetch_error 累計 0；finmind_price 快取檔數 1428）
上櫃股進度：600/1139（fetch_error 累計 0；finmind_price 快取檔數 1428）
上櫃股進度：650/1139（fetch_error 累計 0；finmind_price 快取檔數 1428）
上櫃股進度：700/1139（fetch_error 累計 0；finmind_price 快取檔數 1428）
上櫃股進度：750/1139（fetch_error 累計 0；finmind_price 快取檔數 1428）
上櫃股進度：800/1139（fetch_error 累計 0；finmind_price 快取檔數 1428）
上櫃股進度：850/1139（fetch_error 累計 0；finmind_price 快取檔數 1428）
上櫃股進度：900/1139（fetch_error 累計 0；finmind_price 快取檔數 1428）
上櫃股進度：950/1139（fetch_error 累計 0；finmind_price 快取檔數 1428）
上櫃股進度：1000/1139（fetch_error 累計 0；finmind_price 快取檔數 1428）
上櫃股進度：1050/1139（fetch_error 累計 0；finmind_price 快取檔數 1428）
上櫃股進度：1100/1139（fetch_error 累計 0；finmind_price 快取檔數 1428）
[85/138] 2022-01 已寫入：data/snapshots\2022-01\universe.json
[86/138] 2022-02 已存在但版本過時（0007-v1 → 0007-v2），重建...
上櫃股進度：50/1139（fetch_error 累計 0；finmind_price 快取檔數 1428）
上櫃股進度：100/1139（fetch_error 累計 0；finmind_price 快取檔數 1428）
上櫃股進度：150/1139（fetch_error 累計 0；finmind_price 快取檔數 1428）
上櫃股進度：200/1139（fetch_error 累計 0；finmind_price 快取檔數 1428）
上櫃股進度：250/1139（fetch_error 累計 0；finmind_price 快取檔數 1428）
上櫃股進度：300/1139（fetch_error 累計 0；finmind_price 快取檔數 1428）
上櫃股進度：350/1139（fetch_error 累計 0；finmind_price 快取檔數 1428）
上櫃股進度：400/1139（fetch_error 累計 0；finmind_price 快取檔數 1428）
上櫃股進度：450/1139（fetch_error 累計 0；finmind_price 快取檔數 1428）
上櫃股進度：500/1139（fetch_error 累計 0；finmind_price 快取檔數 1428）
上櫃股進度：550/1139（fetch_error 累計 0；finmind_price 快取檔數 1428）
上櫃股進度：600/1139（fetch_error 累計 0；finmind_price 快取檔數 1428）
上櫃股進度：650/1139（fetch_error 累計 0；finmind_price 快取檔數 1428）
上櫃股進度：700/1139（fetch_error 累計 0；finmind_price 快取檔數 1428）
上櫃股進度：750/1139（fetch_error 累計 0；finmind_price 快取檔數 1428）
上櫃股進度：800/1139（fetch_error 累計 0；finmind_price 快取檔數 1428）
上櫃股進度：850/1139（fetch_error 累計 0；finmind_price 快取檔數 1428）
上櫃股進度：900/1139（fetch_error 累計 0；finmind_price 快取檔數 1428）
上櫃股進度：950/1139（fetch_error 累計 0；finmind_price 快取檔數 1428）
上櫃股進度：1000/1139（fetch_error 累計 0；finmind_price 快取檔數 1428）
上櫃股進度：1050/1139（fetch_error 累計 0；finmind_price 快取檔數 1428）
上櫃股進度：1100/1139（fetch_error 累計 0；finmind_price 快取檔數 1428）
[86/138] 2022-02 已寫入：data/snapshots\2022-02\universe.json
[87/138] 2022-03 已存在但版本過時（0007-v1 → 0007-v2），重建...
上櫃股進度：50/1139（fetch_error 累計 0；finmind_price 快取檔數 1428）
上櫃股進度：100/1139（fetch_error 累計 0；finmind_price 快取檔數 1428）
上櫃股進度：150/1139（fetch_error 累計 0；finmind_price 快取檔數 1428）
上櫃股進度：200/1139（fetch_error 累計 0；finmind_price 快取檔數 1428）
上櫃股進度：250/1139（fetch_error 累計 0；finmind_price 快取檔數 1428）
上櫃股進度：300/1139（fetch_error 累計 0；finmind_price 快取檔數 1428）
上櫃股進度：350/1139（fetch_error 累計 0；finmind_price 快取檔數 1428）
上櫃股進度：400/1139（fetch_error 累計 0；finmind_price 快取檔數 1428）
上櫃股進度：450/1139（fetch_error 累計 0；finmind_price 快取檔數 1428）
上櫃股進度：500/1139（fetch_error 累計 0；finmind_price 快取檔數 1428）
上櫃股進度：550/1139（fetch_error 累計 0；finmind_price 快取檔數 1428）
上櫃股進度：600/1139（fetch_error 累計 0；finmind_price 快取檔數 1428）
上櫃股進度：650/1139（fetch_error 累計 0；finmind_price 快取檔數 1428）
上櫃股進度：700/1139（fetch_error 累計 0；finmind_price 快取檔數 1428）
上櫃股進度：750/1139（fetch_error 累計 0；finmind_price 快取檔數 1428）
上櫃股進度：800/1139（fetch_error 累計 0；finmind_price 快取檔數 1428）
上櫃股進度：850/1139（fetch_error 累計 0；finmind_price 快取檔數 1428）
上櫃股進度：900/1139（fetch_error 累計 0；finmind_price 快取檔數 1428）
上櫃股進度：950/1139（fetch_error 累計 0；finmind_price 快取檔數 1428）
上櫃股進度：1000/1139（fetch_error 累計 0；finmind_price 快取檔數 1428）
上櫃股進度：1050/1139（fetch_error 累計 0；finmind_price 快取檔數 1428）
上櫃股進度：1100/1139（fetch_error 累計 0；finmind_price 快取檔數 1428）
[87/138] 2022-03 已寫入：data/snapshots\2022-03\universe.json
[88/138] 2022-04 已存在但版本過時（0007-v1 → 0007-v2），重建...
上櫃股進度：50/1139（fetch_error 累計 0；finmind_price 快取檔數 1428）
上櫃股進度：100/1139（fetch_error 累計 0；finmind_price 快取檔數 1428）
上櫃股進度：150/1139（fetch_error 累計 0；finmind_price 快取檔數 1428）
上櫃股進度：200/1139（fetch_error 累計 0；finmind_price 快取檔數 1428）
上櫃股進度：250/1139（fetch_error 累計 0；finmind_price 快取檔數 1428）
上櫃股進度：300/1139（fetch_error 累計 0；finmind_price 快取檔數 1428）
上櫃股進度：350/1139（fetch_error 累計 0；finmind_price 快取檔數 1428）
上櫃股進度：400/1139（fetch_error 累計 0；finmind_price 快取檔數 1428）
上櫃股進度：450/1139（fetch_error 累計 0；finmind_price 快取檔數 1428）
上櫃股進度：500/1139（fetch_error 累計 0；finmind_price 快取檔數 1428）
上櫃股進度：550/1139（fetch_error 累計 0；finmind_price 快取檔數 1428）
上櫃股進度：600/1139（fetch_error 累計 0；finmind_price 快取檔數 1428）
上櫃股進度：650/1139（fetch_error 累計 0；finmind_price 快取檔數 1428）
上櫃股進度：700/1139（fetch_error 累計 0；finmind_price 快取檔數 1428）
上櫃股進度：750/1139（fetch_error 累計 0；finmind_price 快取檔數 1428）
上櫃股進度：800/1139（fetch_error 累計 0；finmind_price 快取檔數 1428）
上櫃股進度：850/1139（fetch_error 累計 0；finmind_price 快取檔數 1428）
上櫃股進度：900/1139（fetch_error 累計 0；finmind_price 快取檔數 1428）
上櫃股進度：950/1139（fetch_error 累計 0；finmind_price 快取檔數 1428）
上櫃股進度：1000/1139（fetch_error 累計 0；finmind_price 快取檔數 1428）
上櫃股進度：1050/1139（fetch_error 累計 0；finmind_price 快取檔數 1428）
上櫃股進度：1100/1139（fetch_error 累計 0；finmind_price 快取檔數 1428）
[88/138] 2022-04 已寫入：data/snapshots\2022-04\universe.json
[89/138] 2022-05 已存在但版本過時（0007-v1 → 0007-v2），重建...
上櫃股進度：50/1139（fetch_error 累計 0；finmind_price 快取檔數 1428）
上櫃股進度：100/1139（fetch_error 累計 0；finmind_price 快取檔數 1428）
上櫃股進度：150/1139（fetch_error 累計 0；finmind_price 快取檔數 1428）
上櫃股進度：200/1139（fetch_error 累計 0；finmind_price 快取檔數 1428）
上櫃股進度：250/1139（fetch_error 累計 0；finmind_price 快取檔數 1428）
上櫃股進度：300/1139（fetch_error 累計 0；finmind_price 快取檔數 1428）
上櫃股進度：350/1139（fetch_error 累計 0；finmind_price 快取檔數 1428）
上櫃股進度：400/1139（fetch_error 累計 0；finmind_price 快取檔數 1428）
上櫃股進度：450/1139（fetch_error 累計 0；finmind_price 快取檔數 1428）
上櫃股進度：500/1139（fetch_error 累計 0；finmind_price 快取檔數 1428）
上櫃股進度：550/1139（fetch_error 累計 0；finmind_price 快取檔數 1428）
上櫃股進度：600/1139（fetch_error 累計 0；finmind_price 快取檔數 1428）
上櫃股進度：650/1139（fetch_error 累計 0；finmind_price 快取檔數 1428）
上櫃股進度：700/1139（fetch_error 累計 0；finmind_price 快取檔數 1428）
上櫃股進度：750/1139（fetch_error 累計 0；finmind_price 快取檔數 1428）
上櫃股進度：800/1139（fetch_error 累計 0；finmind_price 快取檔數 1428）
上櫃股進度：850/1139（fetch_error 累計 0；finmind_price 快取檔數 1428）
上櫃股進度：900/1139（fetch_error 累計 0；finmind_price 快取檔數 1428）
上櫃股進度：950/1139（fetch_error 累計 0；finmind_price 快取檔數 1428）
上櫃股進度：1000/1139（fetch_error 累計 0；finmind_price 快取檔數 1428）
上櫃股進度：1050/1139（fetch_error 累計 0；finmind_price 快取檔數 1428）
上櫃股進度：1100/1139（fetch_error 累計 0；finmind_price 快取檔數 1428）
[89/138] 2022-05 已寫入：data/snapshots\2022-05\universe.json
[90/138] 2022-06 已存在但版本過時（0007-v1 → 0007-v2），重建...
上櫃股進度：50/1139（fetch_error 累計 0；finmind_price 快取檔數 1428）
上櫃股進度：100/1139（fetch_error 累計 0；finmind_price 快取檔數 1428）
上櫃股進度：150/1139（fetch_error 累計 0；finmind_price 快取檔數 1428）
上櫃股進度：200/1139（fetch_error 累計 0；finmind_price 快取檔數 1428）
上櫃股進度：250/1139（fetch_error 累計 0；finmind_price 快取檔數 1428）
上櫃股進度：300/1139（fetch_error 累計 0；finmind_price 快取檔數 1428）
上櫃股進度：350/1139（fetch_error 累計 0；finmind_price 快取檔數 1428）
上櫃股進度：400/1139（fetch_error 累計 0；finmind_price 快取檔數 1428）
上櫃股進度：450/1139（fetch_error 累計 0；finmind_price 快取檔數 1428）
上櫃股進度：500/1139（fetch_error 累計 0；finmind_price 快取檔數 1428）
上櫃股進度：550/1139（fetch_error 累計 0；finmind_price 快取檔數 1428）
上櫃股進度：600/1139（fetch_error 累計 0；finmind_price 快取檔數 1428）
上櫃股進度：650/1139（fetch_error 累計 0；finmind_price 快取檔數 1428）
上櫃股進度：700/1139（fetch_error 累計 0；finmind_price 快取檔數 1428）
上櫃股進度：750/1139（fetch_error 累計 0；finmind_price 快取檔數 1428）
上櫃股進度：800/1139（fetch_error 累計 0；finmind_price 快取檔數 1428）
上櫃股進度：850/1139（fetch_error 累計 0；finmind_price 快取檔數 1428）
上櫃股進度：900/1139（fetch_error 累計 0；finmind_price 快取檔數 1428）
上櫃股進度：950/1139（fetch_error 累計 0；finmind_price 快取檔數 1428）
上櫃股進度：1000/1139（fetch_error 累計 0；finmind_price 快取檔數 1428）
上櫃股進度：1050/1139（fetch_error 累計 0；finmind_price 快取檔數 1428）
上櫃股進度：1100/1139（fetch_error 累計 0；finmind_price 快取檔數 1428）
[90/138] 2022-06 已寫入：data/snapshots\2022-06\universe.json
[91/138] 2022-07 已存在但版本過時（0007-v1 → 0007-v2），重建...
上櫃股進度：50/1139（fetch_error 累計 0；finmind_price 快取檔數 1428）
上櫃股進度：100/1139（fetch_error 累計 0；finmind_price 快取檔數 1428）
上櫃股進度：150/1139（fetch_error 累計 0；finmind_price 快取檔數 1428）
上櫃股進度：200/1139（fetch_error 累計 0；finmind_price 快取檔數 1428）
上櫃股進度：250/1139（fetch_error 累計 0；finmind_price 快取檔數 1428）
上櫃股進度：300/1139（fetch_error 累計 0；finmind_price 快取檔數 1428）
上櫃股進度：350/1139（fetch_error 累計 0；finmind_price 快取檔數 1428）
上櫃股進度：400/1139（fetch_error 累計 0；finmind_price 快取檔數 1428）
上櫃股進度：450/1139（fetch_error 累計 0；finmind_price 快取檔數 1428）
上櫃股進度：500/1139（fetch_error 累計 0；finmind_price 快取檔數 1428）
上櫃股進度：550/1139（fetch_error 累計 0；finmind_price 快取檔數 1428）
上櫃股進度：600/1139（fetch_error 累計 0；finmind_price 快取檔數 1428）
上櫃股進度：650/1139（fetch_error 累計 0；finmind_price 快取檔數 1428）
上櫃股進度：700/1139（fetch_error 累計 0；finmind_price 快取檔數 1428）
上櫃股進度：750/1139（fetch_error 累計 0；finmind_price 快取檔數 1428）
上櫃股進度：800/1139（fetch_error 累計 0；finmind_price 快取檔數 1428）
上櫃股進度：850/1139（fetch_error 累計 0；finmind_price 快取檔數 1428）
上櫃股進度：900/1139（fetch_error 累計 0；finmind_price 快取檔數 1428）
上櫃股進度：950/1139（fetch_error 累計 0；finmind_price 快取檔數 1428）
上櫃股進度：1000/1139（fetch_error 累計 0；finmind_price 快取檔數 1428）
上櫃股進度：1050/1139（fetch_error 累計 0；finmind_price 快取檔數 1428）
上櫃股進度：1100/1139（fetch_error 累計 0；finmind_price 快取檔數 1428）
[91/138] 2022-07 已寫入：data/snapshots\2022-07\universe.json
[92/138] 2022-08 已存在但版本過時（0007-v1 → 0007-v2），重建...
上櫃股進度：50/1139（fetch_error 累計 0；finmind_price 快取檔數 1428）
上櫃股進度：100/1139（fetch_error 累計 0；finmind_price 快取檔數 1428）
上櫃股進度：150/1139（fetch_error 累計 0；finmind_price 快取檔數 1428）
上櫃股進度：200/1139（fetch_error 累計 0；finmind_price 快取檔數 1428）
上櫃股進度：250/1139（fetch_error 累計 0；finmind_price 快取檔數 1428）
上櫃股進度：300/1139（fetch_error 累計 0；finmind_price 快取檔數 1428）
上櫃股進度：350/1139（fetch_error 累計 0；finmind_price 快取檔數 1428）
上櫃股進度：400/1139（fetch_error 累計 0；finmind_price 快取檔數 1428）
上櫃股進度：450/1139（fetch_error 累計 0；finmind_price 快取檔數 1428）
上櫃股進度：500/1139（fetch_error 累計 0；finmind_price 快取檔數 1428）
上櫃股進度：550/1139（fetch_error 累計 0；finmind_price 快取檔數 1428）
上櫃股進度：600/1139（fetch_error 累計 0；finmind_price 快取檔數 1428）
上櫃股進度：650/1139（fetch_error 累計 0；finmind_price 快取檔數 1428）
上櫃股進度：700/1139（fetch_error 累計 0；finmind_price 快取檔數 1428）
上櫃股進度：750/1139（fetch_error 累計 0；finmind_price 快取檔數 1428）
上櫃股進度：800/1139（fetch_error 累計 0；finmind_price 快取檔數 1428）
上櫃股進度：850/1139（fetch_error 累計 0；finmind_price 快取檔數 1428）
上櫃股進度：900/1139（fetch_error 累計 0；finmind_price 快取檔數 1428）
上櫃股進度：950/1139（fetch_error 累計 0；finmind_price 快取檔數 1428）
上櫃股進度：1000/1139（fetch_error 累計 0；finmind_price 快取檔數 1428）
上櫃股進度：1050/1139（fetch_error 累計 0；finmind_price 快取檔數 1428）
上櫃股進度：1100/1139（fetch_error 累計 0；finmind_price 快取檔數 1428）
[92/138] 2022-08 已寫入：data/snapshots\2022-08\universe.json
[93/138] 2022-09 已存在但版本過時（0007-v1 → 0007-v2），重建...
上櫃股進度：50/1139（fetch_error 累計 0；finmind_price 快取檔數 1428）
上櫃股進度：100/1139（fetch_error 累計 0；finmind_price 快取檔數 1428）
上櫃股進度：150/1139（fetch_error 累計 0；finmind_price 快取檔數 1428）
上櫃股進度：200/1139（fetch_error 累計 0；finmind_price 快取檔數 1428）
上櫃股進度：250/1139（fetch_error 累計 0；finmind_price 快取檔數 1428）
上櫃股進度：300/1139（fetch_error 累計 0；finmind_price 快取檔數 1428）
上櫃股進度：350/1139（fetch_error 累計 0；finmind_price 快取檔數 1428）
上櫃股進度：400/1139（fetch_error 累計 0；finmind_price 快取檔數 1428）
上櫃股進度：450/1139（fetch_error 累計 0；finmind_price 快取檔數 1428）
上櫃股進度：500/1139（fetch_error 累計 0；finmind_price 快取檔數 1428）
上櫃股進度：550/1139（fetch_error 累計 0；finmind_price 快取檔數 1428）
上櫃股進度：600/1139（fetch_error 累計 0；finmind_price 快取檔數 1428）
上櫃股進度：650/1139（fetch_error 累計 0；finmind_price 快取檔數 1428）
上櫃股進度：700/1139（fetch_error 累計 0；finmind_price 快取檔數 1428）
上櫃股進度：750/1139（fetch_error 累計 0；finmind_price 快取檔數 1428）
上櫃股進度：800/1139（fetch_error 累計 0；finmind_price 快取檔數 1428）
上櫃股進度：850/1139（fetch_error 累計 0；finmind_price 快取檔數 1428）
上櫃股進度：900/1139（fetch_error 累計 0；finmind_price 快取檔數 1428）
上櫃股進度：950/1139（fetch_error 累計 0；finmind_price 快取檔數 1428）
上櫃股進度：1000/1139（fetch_error 累計 0；finmind_price 快取檔數 1428）
上櫃股進度：1050/1139（fetch_error 累計 0；finmind_price 快取檔數 1428）
上櫃股進度：1100/1139（fetch_error 累計 0；finmind_price 快取檔數 1428）
[93/138] 2022-09 已寫入：data/snapshots\2022-09\universe.json
[94/138] 2022-10 已存在但版本過時（0007-v1 → 0007-v2），重建...
上櫃股進度：50/1139（fetch_error 累計 0；finmind_price 快取檔數 1428）
上櫃股進度：100/1139（fetch_error 累計 0；finmind_price 快取檔數 1428）
上櫃股進度：150/1139（fetch_error 累計 0；finmind_price 快取檔數 1428）
上櫃股進度：200/1139（fetch_error 累計 0；finmind_price 快取檔數 1428）
上櫃股進度：250/1139（fetch_error 累計 0；finmind_price 快取檔數 1428）
上櫃股進度：300/1139（fetch_error 累計 0；finmind_price 快取檔數 1428）
上櫃股進度：350/1139（fetch_error 累計 0；finmind_price 快取檔數 1428）
上櫃股進度：400/1139（fetch_error 累計 0；finmind_price 快取檔數 1428）
上櫃股進度：450/1139（fetch_error 累計 0；finmind_price 快取檔數 1428）
上櫃股進度：500/1139（fetch_error 累計 0；finmind_price 快取檔數 1428）
上櫃股進度：550/1139（fetch_error 累計 0；finmind_price 快取檔數 1428）
上櫃股進度：600/1139（fetch_error 累計 0；finmind_price 快取檔數 1428）
上櫃股進度：650/1139（fetch_error 累計 0；finmind_price 快取檔數 1428）
上櫃股進度：700/1139（fetch_error 累計 0；finmind_price 快取檔數 1428）
上櫃股進度：750/1139（fetch_error 累計 0；finmind_price 快取檔數 1428）
上櫃股進度：800/1139（fetch_error 累計 0；finmind_price 快取檔數 1428）
上櫃股進度：850/1139（fetch_error 累計 0；finmind_price 快取檔數 1428）
上櫃股進度：900/1139（fetch_error 累計 0；finmind_price 快取檔數 1428）
上櫃股進度：950/1139（fetch_error 累計 0；finmind_price 快取檔數 1428）
上櫃股進度：1000/1139（fetch_error 累計 0；finmind_price 快取檔數 1428）
上櫃股進度：1050/1139（fetch_error 累計 0；finmind_price 快取檔數 1428）
上櫃股進度：1100/1139（fetch_error 累計 0；finmind_price 快取檔數 1428）
[94/138] 2022-10 已寫入：data/snapshots\2022-10\universe.json
[95/138] 2022-11 已存在但版本過時（0007-v1 → 0007-v2），重建...
上櫃股進度：50/1139（fetch_error 累計 0；finmind_price 快取檔數 1428）
上櫃股進度：100/1139（fetch_error 累計 0；finmind_price 快取檔數 1428）
上櫃股進度：150/1139（fetch_error 累計 0；finmind_price 快取檔數 1428）
上櫃股進度：200/1139（fetch_error 累計 0；finmind_price 快取檔數 1428）
上櫃股進度：250/1139（fetch_error 累計 0；finmind_price 快取檔數 1428）
上櫃股進度：300/1139（fetch_error 累計 0；finmind_price 快取檔數 1428）
上櫃股進度：350/1139（fetch_error 累計 0；finmind_price 快取檔數 1428）
上櫃股進度：400/1139（fetch_error 累計 0；finmind_price 快取檔數 1428）
上櫃股進度：450/1139（fetch_error 累計 0；finmind_price 快取檔數 1428）
上櫃股進度：500/1139（fetch_error 累計 0；finmind_price 快取檔數 1428）
上櫃股進度：550/1139（fetch_error 累計 0；finmind_price 快取檔數 1428）
上櫃股進度：600/1139（fetch_error 累計 0；finmind_price 快取檔數 1428）
上櫃股進度：650/1139（fetch_error 累計 0；finmind_price 快取檔數 1428）
上櫃股進度：700/1139（fetch_error 累計 0；finmind_price 快取檔數 1428）
上櫃股進度：750/1139（fetch_error 累計 0；finmind_price 快取檔數 1428）
上櫃股進度：800/1139（fetch_error 累計 0；finmind_price 快取檔數 1428）
上櫃股進度：850/1139（fetch_error 累計 0；finmind_price 快取檔數 1428）
上櫃股進度：900/1139（fetch_error 累計 0；finmind_price 快取檔數 1428）
上櫃股進度：950/1139（fetch_error 累計 0；finmind_price 快取檔數 1428）
上櫃股進度：1000/1139（fetch_error 累計 0；finmind_price 快取檔數 1428）
上櫃股進度：1050/1139（fetch_error 累計 0；finmind_price 快取檔數 1428）
上櫃股進度：1100/1139（fetch_error 累計 0；finmind_price 快取檔數 1428）
[95/138] 2022-11 已寫入：data/snapshots\2022-11\universe.json
[96/138] 2022-12 已存在但版本過時（0007-v1 → 0007-v2），重建...
上櫃股進度：50/1139（fetch_error 累計 0；finmind_price 快取檔數 1428）
上櫃股進度：100/1139（fetch_error 累計 0；finmind_price 快取檔數 1428）
上櫃股進度：150/1139（fetch_error 累計 0；finmind_price 快取檔數 1428）
上櫃股進度：200/1139（fetch_error 累計 0；finmind_price 快取檔數 1428）
上櫃股進度：250/1139（fetch_error 累計 0；finmind_price 快取檔數 1428）
上櫃股進度：300/1139（fetch_error 累計 0；finmind_price 快取檔數 1428）
上櫃股進度：350/1139（fetch_error 累計 0；finmind_price 快取檔數 1428）
上櫃股進度：400/1139（fetch_error 累計 0；finmind_price 快取檔數 1428）
上櫃股進度：450/1139（fetch_error 累計 0；finmind_price 快取檔數 1428）
上櫃股進度：500/1139（fetch_error 累計 0；finmind_price 快取檔數 1428）
上櫃股進度：550/1139（fetch_error 累計 0；finmind_price 快取檔數 1428）
上櫃股進度：600/1139（fetch_error 累計 0；finmind_price 快取檔數 1428）
上櫃股進度：650/1139（fetch_error 累計 0；finmind_price 快取檔數 1428）
上櫃股進度：700/1139（fetch_error 累計 0；finmind_price 快取檔數 1428）
上櫃股進度：750/1139（fetch_error 累計 0；finmind_price 快取檔數 1428）
上櫃股進度：800/1139（fetch_error 累計 0；finmind_price 快取檔數 1428）
上櫃股進度：850/1139（fetch_error 累計 0；finmind_price 快取檔數 1428）
上櫃股進度：900/1139（fetch_error 累計 0；finmind_price 快取檔數 1428）
上櫃股進度：950/1139（fetch_error 累計 0；finmind_price 快取檔數 1428）
上櫃股進度：1000/1139（fetch_error 累計 0；finmind_price 快取檔數 1428）
上櫃股進度：1050/1139（fetch_error 累計 0；finmind_price 快取檔數 1428）
上櫃股進度：1100/1139（fetch_error 累計 0；finmind_price 快取檔數 1428）
[96/138] 2022-12 已寫入：data/snapshots\2022-12\universe.json
[97/138] 2023-01 已存在但版本過時（0007-v1 → 0007-v2），重建...
上櫃股進度：50/1139（fetch_error 累計 0；finmind_price 快取檔數 1428）
上櫃股進度：100/1139（fetch_error 累計 0；finmind_price 快取檔數 1428）
上櫃股進度：150/1139（fetch_error 累計 0；finmind_price 快取檔數 1428）
上櫃股進度：200/1139（fetch_error 累計 0；finmind_price 快取檔數 1428）
上櫃股進度：250/1139（fetch_error 累計 0；finmind_price 快取檔數 1428）
上櫃股進度：300/1139（fetch_error 累計 0；finmind_price 快取檔數 1428）
上櫃股進度：350/1139（fetch_error 累計 0；finmind_price 快取檔數 1428）
上櫃股進度：400/1139（fetch_error 累計 0；finmind_price 快取檔數 1428）
上櫃股進度：450/1139（fetch_error 累計 0；finmind_price 快取檔數 1428）
上櫃股進度：500/1139（fetch_error 累計 0；finmind_price 快取檔數 1428）
上櫃股進度：550/1139（fetch_error 累計 0；finmind_price 快取檔數 1428）
上櫃股進度：600/1139（fetch_error 累計 0；finmind_price 快取檔數 1428）
上櫃股進度：650/1139（fetch_error 累計 0；finmind_price 快取檔數 1428）
上櫃股進度：700/1139（fetch_error 累計 0；finmind_price 快取檔數 1428）
上櫃股進度：750/1139（fetch_error 累計 0；finmind_price 快取檔數 1428）
上櫃股進度：800/1139（fetch_error 累計 0；finmind_price 快取檔數 1428）
上櫃股進度：850/1139（fetch_error 累計 0；finmind_price 快取檔數 1428）
上櫃股進度：900/1139（fetch_error 累計 0；finmind_price 快取檔數 1428）
上櫃股進度：950/1139（fetch_error 累計 0；finmind_price 快取檔數 1428）
上櫃股進度：1000/1139（fetch_error 累計 0；finmind_price 快取檔數 1428）
上櫃股進度：1050/1139（fetch_error 累計 0；finmind_price 快取檔數 1428）
上櫃股進度：1100/1139（fetch_error 累計 0；finmind_price 快取檔數 1428）
[97/138] 2023-01 已寫入：data/snapshots\2023-01\universe.json
[98/138] 2023-02 已存在但版本過時（0007-v1 → 0007-v2），重建...
上櫃股進度：50/1139（fetch_error 累計 0；finmind_price 快取檔數 1428）
上櫃股進度：100/1139（fetch_error 累計 0；finmind_price 快取檔數 1428）
上櫃股進度：150/1139（fetch_error 累計 0；finmind_price 快取檔數 1428）
上櫃股進度：200/1139（fetch_error 累計 0；finmind_price 快取檔數 1428）
上櫃股進度：250/1139（fetch_error 累計 0；finmind_price 快取檔數 1428）
上櫃股進度：300/1139（fetch_error 累計 0；finmind_price 快取檔數 1428）
上櫃股進度：350/1139（fetch_error 累計 0；finmind_price 快取檔數 1428）
上櫃股進度：400/1139（fetch_error 累計 0；finmind_price 快取檔數 1428）
上櫃股進度：450/1139（fetch_error 累計 0；finmind_price 快取檔數 1428）
上櫃股進度：500/1139（fetch_error 累計 0；finmind_price 快取檔數 1428）
上櫃股進度：550/1139（fetch_error 累計 0；finmind_price 快取檔數 1428）
上櫃股進度：600/1139（fetch_error 累計 0；finmind_price 快取檔數 1428）
上櫃股進度：650/1139（fetch_error 累計 0；finmind_price 快取檔數 1428）
上櫃股進度：700/1139（fetch_error 累計 0；finmind_price 快取檔數 1428）
上櫃股進度：750/1139（fetch_error 累計 0；finmind_price 快取檔數 1428）
上櫃股進度：800/1139（fetch_error 累計 0；finmind_price 快取檔數 1428）
上櫃股進度：850/1139（fetch_error 累計 0；finmind_price 快取檔數 1428）
上櫃股進度：900/1139（fetch_error 累計 0；finmind_price 快取檔數 1428）
上櫃股進度：950/1139（fetch_error 累計 0；finmind_price 快取檔數 1428）
上櫃股進度：1000/1139（fetch_error 累計 0；finmind_price 快取檔數 1428）
上櫃股進度：1050/1139（fetch_error 累計 0；finmind_price 快取檔數 1428）
上櫃股進度：1100/1139（fetch_error 累計 0；finmind_price 快取檔數 1428）
[98/138] 2023-02 已寫入：data/snapshots\2023-02\universe.json
[99/138] 2023-03 已存在但版本過時（0007-v1 → 0007-v2），重建...
上櫃股進度：50/1139（fetch_error 累計 0；finmind_price 快取檔數 1428）
上櫃股進度：100/1139（fetch_error 累計 0；finmind_price 快取檔數 1428）
上櫃股進度：150/1139（fetch_error 累計 0；finmind_price 快取檔數 1428）
上櫃股進度：200/1139（fetch_error 累計 0；finmind_price 快取檔數 1428）
上櫃股進度：250/1139（fetch_error 累計 0；finmind_price 快取檔數 1428）
上櫃股進度：300/1139（fetch_error 累計 0；finmind_price 快取檔數 1428）
上櫃股進度：350/1139（fetch_error 累計 0；finmind_price 快取檔數 1428）
上櫃股進度：400/1139（fetch_error 累計 0；finmind_price 快取檔數 1428）
上櫃股進度：450/1139（fetch_error 累計 0；finmind_price 快取檔數 1428）
上櫃股進度：500/1139（fetch_error 累計 0；finmind_price 快取檔數 1428）
上櫃股進度：550/1139（fetch_error 累計 0；finmind_price 快取檔數 1428）
上櫃股進度：600/1139（fetch_error 累計 0；finmind_price 快取檔數 1428）
上櫃股進度：650/1139（fetch_error 累計 0；finmind_price 快取檔數 1428）
上櫃股進度：700/1139（fetch_error 累計 0；finmind_price 快取檔數 1428）
上櫃股進度：750/1139（fetch_error 累計 0；finmind_price 快取檔數 1428）
上櫃股進度：800/1139（fetch_error 累計 0；finmind_price 快取檔數 1428）
上櫃股進度：850/1139（fetch_error 累計 0；finmind_price 快取檔數 1428）
上櫃股進度：900/1139（fetch_error 累計 0；finmind_price 快取檔數 1428）
上櫃股進度：950/1139（fetch_error 累計 0；finmind_price 快取檔數 1428）
上櫃股進度：1000/1139（fetch_error 累計 0；finmind_price 快取檔數 1428）
上櫃股進度：1050/1139（fetch_error 累計 0；finmind_price 快取檔數 1428）
上櫃股進度：1100/1139（fetch_error 累計 0；finmind_price 快取檔數 1428）
[99/138] 2023-03 已寫入：data/snapshots\2023-03\universe.json
[100/138] 2023-04 已存在但版本過時（0007-v1 → 0007-v2），重建...
上櫃股進度：50/1139（fetch_error 累計 0；finmind_price 快取檔數 1428）
上櫃股進度：100/1139（fetch_error 累計 0；finmind_price 快取檔數 1428）
上櫃股進度：150/1139（fetch_error 累計 0；finmind_price 快取檔數 1428）
上櫃股進度：200/1139（fetch_error 累計 0；finmind_price 快取檔數 1428）
上櫃股進度：250/1139（fetch_error 累計 0；finmind_price 快取檔數 1428）
上櫃股進度：300/1139（fetch_error 累計 0；finmind_price 快取檔數 1428）
上櫃股進度：350/1139（fetch_error 累計 0；finmind_price 快取檔數 1428）
上櫃股進度：400/1139（fetch_error 累計 0；finmind_price 快取檔數 1428）
上櫃股進度：450/1139（fetch_error 累計 0；finmind_price 快取檔數 1428）
上櫃股進度：500/1139（fetch_error 累計 0；finmind_price 快取檔數 1428）
上櫃股進度：550/1139（fetch_error 累計 0；finmind_price 快取檔數 1428）
上櫃股進度：600/1139（fetch_error 累計 0；finmind_price 快取檔數 1428）
上櫃股進度：650/1139（fetch_error 累計 0；finmind_price 快取檔數 1428）
上櫃股進度：700/1139（fetch_error 累計 0；finmind_price 快取檔數 1428）
上櫃股進度：750/1139（fetch_error 累計 0；finmind_price 快取檔數 1428）
上櫃股進度：800/1139（fetch_error 累計 0；finmind_price 快取檔數 1428）
上櫃股進度：850/1139（fetch_error 累計 0；finmind_price 快取檔數 1428）
上櫃股進度：900/1139（fetch_error 累計 0；finmind_price 快取檔數 1428）
上櫃股進度：950/1139（fetch_error 累計 0；finmind_price 快取檔數 1428）
上櫃股進度：1000/1139（fetch_error 累計 0；finmind_price 快取檔數 1428）
上櫃股進度：1050/1139（fetch_error 累計 0；finmind_price 快取檔數 1428）
上櫃股進度：1100/1139（fetch_error 累計 0；finmind_price 快取檔數 1428）
[100/138] 2023-04 已寫入：data/snapshots\2023-04\universe.json
[101/138] 2023-05 已存在但版本過時（0007-v1 → 0007-v2），重建...
上櫃股進度：50/1139（fetch_error 累計 0；finmind_price 快取檔數 1428）
上櫃股進度：100/1139（fetch_error 累計 0；finmind_price 快取檔數 1428）
上櫃股進度：150/1139（fetch_error 累計 0；finmind_price 快取檔數 1428）
上櫃股進度：200/1139（fetch_error 累計 0；finmind_price 快取檔數 1428）
上櫃股進度：250/1139（fetch_error 累計 0；finmind_price 快取檔數 1428）
上櫃股進度：300/1139（fetch_error 累計 0；finmind_price 快取檔數 1428）
上櫃股進度：350/1139（fetch_error 累計 0；finmind_price 快取檔數 1428）
上櫃股進度：400/1139（fetch_error 累計 0；finmind_price 快取檔數 1428）
上櫃股進度：450/1139（fetch_error 累計 0；finmind_price 快取檔數 1428）
上櫃股進度：500/1139（fetch_error 累計 0；finmind_price 快取檔數 1428）
上櫃股進度：550/1139（fetch_error 累計 0；finmind_price 快取檔數 1428）
上櫃股進度：600/1139（fetch_error 累計 0；finmind_price 快取檔數 1428）
上櫃股進度：650/1139（fetch_error 累計 0；finmind_price 快取檔數 1428）
上櫃股進度：700/1139（fetch_error 累計 0；finmind_price 快取檔數 1428）
上櫃股進度：750/1139（fetch_error 累計 0；finmind_price 快取檔數 1428）
上櫃股進度：800/1139（fetch_error 累計 0；finmind_price 快取檔數 1428）
上櫃股進度：850/1139（fetch_error 累計 0；finmind_price 快取檔數 1428）
上櫃股進度：900/1139（fetch_error 累計 0；finmind_price 快取檔數 1428）
上櫃股進度：950/1139（fetch_error 累計 0；finmind_price 快取檔數 1428）
上櫃股進度：1000/1139（fetch_error 累計 0；finmind_price 快取檔數 1428）
上櫃股進度：1050/1139（fetch_error 累計 0；finmind_price 快取檔數 1428）
上櫃股進度：1100/1139（fetch_error 累計 0；finmind_price 快取檔數 1428）
[101/138] 2023-05 已寫入：data/snapshots\2023-05\universe.json
[102/138] 2023-06 已存在但版本過時（0007-v1 → 0007-v2），重建...
上櫃股進度：50/1139（fetch_error 累計 0；finmind_price 快取檔數 1428）
上櫃股進度：100/1139（fetch_error 累計 0；finmind_price 快取檔數 1428）
上櫃股進度：150/1139（fetch_error 累計 0；finmind_price 快取檔數 1428）
上櫃股進度：200/1139（fetch_error 累計 0；finmind_price 快取檔數 1428）
上櫃股進度：250/1139（fetch_error 累計 0；finmind_price 快取檔數 1428）
上櫃股進度：300/1139（fetch_error 累計 0；finmind_price 快取檔數 1428）
上櫃股進度：350/1139（fetch_error 累計 0；finmind_price 快取檔數 1428）
上櫃股進度：400/1139（fetch_error 累計 0；finmind_price 快取檔數 1428）
上櫃股進度：450/1139（fetch_error 累計 0；finmind_price 快取檔數 1428）
上櫃股進度：500/1139（fetch_error 累計 0；finmind_price 快取檔數 1428）
上櫃股進度：550/1139（fetch_error 累計 0；finmind_price 快取檔數 1428）
上櫃股進度：600/1139（fetch_error 累計 0；finmind_price 快取檔數 1428）
上櫃股進度：650/1139（fetch_error 累計 0；finmind_price 快取檔數 1428）
上櫃股進度：700/1139（fetch_error 累計 0；finmind_price 快取檔數 1428）
上櫃股進度：750/1139（fetch_error 累計 0；finmind_price 快取檔數 1428）
上櫃股進度：800/1139（fetch_error 累計 0；finmind_price 快取檔數 1428）
上櫃股進度：850/1139（fetch_error 累計 0；finmind_price 快取檔數 1428）
上櫃股進度：900/1139（fetch_error 累計 0；finmind_price 快取檔數 1428）
上櫃股進度：950/1139（fetch_error 累計 0；finmind_price 快取檔數 1428）
上櫃股進度：1000/1139（fetch_error 累計 0；finmind_price 快取檔數 1428）
上櫃股進度：1050/1139（fetch_error 累計 0；finmind_price 快取檔數 1428）
上櫃股進度：1100/1139（fetch_error 累計 0；finmind_price 快取檔數 1428）
[102/138] 2023-06 已寫入：data/snapshots\2023-06\universe.json
[103/138] 2023-07 已存在但版本過時（0007-v1 → 0007-v2），重建...
上櫃股進度：50/1139（fetch_error 累計 0；finmind_price 快取檔數 1428）
上櫃股進度：100/1139（fetch_error 累計 0；finmind_price 快取檔數 1428）
上櫃股進度：150/1139（fetch_error 累計 0；finmind_price 快取檔數 1428）
上櫃股進度：200/1139（fetch_error 累計 0；finmind_price 快取檔數 1428）
上櫃股進度：250/1139（fetch_error 累計 0；finmind_price 快取檔數 1428）
上櫃股進度：300/1139（fetch_error 累計 0；finmind_price 快取檔數 1428）
上櫃股進度：350/1139（fetch_error 累計 0；finmind_price 快取檔數 1428）
上櫃股進度：400/1139（fetch_error 累計 0；finmind_price 快取檔數 1428）
上櫃股進度：450/1139（fetch_error 累計 0；finmind_price 快取檔數 1428）
上櫃股進度：500/1139（fetch_error 累計 0；finmind_price 快取檔數 1428）
上櫃股進度：550/1139（fetch_error 累計 0；finmind_price 快取檔數 1428）
上櫃股進度：600/1139（fetch_error 累計 0；finmind_price 快取檔數 1428）
上櫃股進度：650/1139（fetch_error 累計 0；finmind_price 快取檔數 1428）
上櫃股進度：700/1139（fetch_error 累計 0；finmind_price 快取檔數 1428）
上櫃股進度：750/1139（fetch_error 累計 0；finmind_price 快取檔數 1428）
上櫃股進度：800/1139（fetch_error 累計 0；finmind_price 快取檔數 1428）
上櫃股進度：850/1139（fetch_error 累計 0；finmind_price 快取檔數 1428）
上櫃股進度：900/1139（fetch_error 累計 0；finmind_price 快取檔數 1428）
上櫃股進度：950/1139（fetch_error 累計 0；finmind_price 快取檔數 1428）
上櫃股進度：1000/1139（fetch_error 累計 0；finmind_price 快取檔數 1428）
上櫃股進度：1050/1139（fetch_error 累計 0；finmind_price 快取檔數 1428）
上櫃股進度：1100/1139（fetch_error 累計 0；finmind_price 快取檔數 1428）
[103/138] 2023-07 已寫入：data/snapshots\2023-07\universe.json
[104/138] 2023-08 已存在但版本過時（0007-v1 → 0007-v2），重建...
上櫃股進度：50/1139（fetch_error 累計 0；finmind_price 快取檔數 1428）
上櫃股進度：100/1139（fetch_error 累計 0；finmind_price 快取檔數 1428）
上櫃股進度：150/1139（fetch_error 累計 0；finmind_price 快取檔數 1428）
上櫃股進度：200/1139（fetch_error 累計 0；finmind_price 快取檔數 1428）
上櫃股進度：250/1139（fetch_error 累計 0；finmind_price 快取檔數 1428）
上櫃股進度：300/1139（fetch_error 累計 0；finmind_price 快取檔數 1428）
上櫃股進度：350/1139（fetch_error 累計 0；finmind_price 快取檔數 1428）
上櫃股進度：400/1139（fetch_error 累計 0；finmind_price 快取檔數 1428）
上櫃股進度：450/1139（fetch_error 累計 0；finmind_price 快取檔數 1428）
上櫃股進度：500/1139（fetch_error 累計 0；finmind_price 快取檔數 1428）
上櫃股進度：550/1139（fetch_error 累計 0；finmind_price 快取檔數 1428）
上櫃股進度：600/1139（fetch_error 累計 0；finmind_price 快取檔數 1428）
上櫃股進度：650/1139（fetch_error 累計 0；finmind_price 快取檔數 1428）
上櫃股進度：700/1139（fetch_error 累計 0；finmind_price 快取檔數 1428）
上櫃股進度：750/1139（fetch_error 累計 0；finmind_price 快取檔數 1428）
上櫃股進度：800/1139（fetch_error 累計 0；finmind_price 快取檔數 1428）
上櫃股進度：850/1139（fetch_error 累計 0；finmind_price 快取檔數 1428）
上櫃股進度：900/1139（fetch_error 累計 0；finmind_price 快取檔數 1428）
上櫃股進度：950/1139（fetch_error 累計 0；finmind_price 快取檔數 1428）
上櫃股進度：1000/1139（fetch_error 累計 0；finmind_price 快取檔數 1428）
上櫃股進度：1050/1139（fetch_error 累計 0；finmind_price 快取檔數 1428）
上櫃股進度：1100/1139（fetch_error 累計 0；finmind_price 快取檔數 1428）
[104/138] 2023-08 已寫入：data/snapshots\2023-08\universe.json
[105/138] 2023-09 已存在但版本過時（0007-v1 → 0007-v2），重建...
上櫃股進度：50/1139（fetch_error 累計 0；finmind_price 快取檔數 1428）
上櫃股進度：100/1139（fetch_error 累計 0；finmind_price 快取檔數 1428）
上櫃股進度：150/1139（fetch_error 累計 0；finmind_price 快取檔數 1428）
上櫃股進度：200/1139（fetch_error 累計 0；finmind_price 快取檔數 1428）
上櫃股進度：250/1139（fetch_error 累計 0；finmind_price 快取檔數 1428）
上櫃股進度：300/1139（fetch_error 累計 0；finmind_price 快取檔數 1428）
上櫃股進度：350/1139（fetch_error 累計 0；finmind_price 快取檔數 1428）
上櫃股進度：400/1139（fetch_error 累計 0；finmind_price 快取檔數 1428）
上櫃股進度：450/1139（fetch_error 累計 0；finmind_price 快取檔數 1428）
上櫃股進度：500/1139（fetch_error 累計 0；finmind_price 快取檔數 1428）
上櫃股進度：550/1139（fetch_error 累計 0；finmind_price 快取檔數 1428）
上櫃股進度：600/1139（fetch_error 累計 0；finmind_price 快取檔數 1428）
上櫃股進度：650/1139（fetch_error 累計 0；finmind_price 快取檔數 1428）
上櫃股進度：700/1139（fetch_error 累計 0；finmind_price 快取檔數 1428）
上櫃股進度：750/1139（fetch_error 累計 0；finmind_price 快取檔數 1428）
上櫃股進度：800/1139（fetch_error 累計 0；finmind_price 快取檔數 1428）
上櫃股進度：850/1139（fetch_error 累計 0；finmind_price 快取檔數 1428）
上櫃股進度：900/1139（fetch_error 累計 0；finmind_price 快取檔數 1428）
上櫃股進度：950/1139（fetch_error 累計 0；finmind_price 快取檔數 1428）
上櫃股進度：1000/1139（fetch_error 累計 0；finmind_price 快取檔數 1428）
上櫃股進度：1050/1139（fetch_error 累計 0；finmind_price 快取檔數 1428）
上櫃股進度：1100/1139（fetch_error 累計 0；finmind_price 快取檔數 1428）
[105/138] 2023-09 已寫入：data/snapshots\2023-09\universe.json
[106/138] 2023-10 已存在但版本過時（0007-v1 → 0007-v2），重建...
上櫃股進度：50/1139（fetch_error 累計 0；finmind_price 快取檔數 1428）
上櫃股進度：100/1139（fetch_error 累計 0；finmind_price 快取檔數 1428）
上櫃股進度：150/1139（fetch_error 累計 0；finmind_price 快取檔數 1428）
上櫃股進度：200/1139（fetch_error 累計 0；finmind_price 快取檔數 1428）
上櫃股進度：250/1139（fetch_error 累計 0；finmind_price 快取檔數 1428）
上櫃股進度：300/1139（fetch_error 累計 0；finmind_price 快取檔數 1428）
上櫃股進度：350/1139（fetch_error 累計 0；finmind_price 快取檔數 1428）
上櫃股進度：400/1139（fetch_error 累計 0；finmind_price 快取檔數 1428）
上櫃股進度：450/1139（fetch_error 累計 0；finmind_price 快取檔數 1428）
上櫃股進度：500/1139（fetch_error 累計 0；finmind_price 快取檔數 1428）
上櫃股進度：550/1139（fetch_error 累計 0；finmind_price 快取檔數 1428）
上櫃股進度：600/1139（fetch_error 累計 0；finmind_price 快取檔數 1428）
上櫃股進度：650/1139（fetch_error 累計 0；finmind_price 快取檔數 1428）
上櫃股進度：700/1139（fetch_error 累計 0；finmind_price 快取檔數 1428）
上櫃股進度：750/1139（fetch_error 累計 0；finmind_price 快取檔數 1428）
上櫃股進度：800/1139（fetch_error 累計 0；finmind_price 快取檔數 1428）
上櫃股進度：850/1139（fetch_error 累計 0；finmind_price 快取檔數 1428）
上櫃股進度：900/1139（fetch_error 累計 0；finmind_price 快取檔數 1428）
上櫃股進度：950/1139（fetch_error 累計 0；finmind_price 快取檔數 1428）
上櫃股進度：1000/1139（fetch_error 累計 0；finmind_price 快取檔數 1428）
上櫃股進度：1050/1139（fetch_error 累計 0；finmind_price 快取檔數 1428）
上櫃股進度：1100/1139（fetch_error 累計 0；finmind_price 快取檔數 1428）
[106/138] 2023-10 已寫入：data/snapshots\2023-10\universe.json
[107/138] 2023-11 已存在但版本過時（0007-v1 → 0007-v2），重建...
上櫃股進度：50/1139（fetch_error 累計 0；finmind_price 快取檔數 1428）
上櫃股進度：100/1139（fetch_error 累計 0；finmind_price 快取檔數 1428）
上櫃股進度：150/1139（fetch_error 累計 0；finmind_price 快取檔數 1428）
上櫃股進度：200/1139（fetch_error 累計 0；finmind_price 快取檔數 1428）
上櫃股進度：250/1139（fetch_error 累計 0；finmind_price 快取檔數 1428）
上櫃股進度：300/1139（fetch_error 累計 0；finmind_price 快取檔數 1428）
上櫃股進度：350/1139（fetch_error 累計 0；finmind_price 快取檔數 1428）
上櫃股進度：400/1139（fetch_error 累計 0；finmind_price 快取檔數 1428）
上櫃股進度：450/1139（fetch_error 累計 0；finmind_price 快取檔數 1428）
上櫃股進度：500/1139（fetch_error 累計 0；finmind_price 快取檔數 1428）
上櫃股進度：550/1139（fetch_error 累計 0；finmind_price 快取檔數 1428）
上櫃股進度：600/1139（fetch_error 累計 0；finmind_price 快取檔數 1428）
上櫃股進度：650/1139（fetch_error 累計 0；finmind_price 快取檔數 1428）
上櫃股進度：700/1139（fetch_error 累計 0；finmind_price 快取檔數 1428）
上櫃股進度：750/1139（fetch_error 累計 0；finmind_price 快取檔數 1428）
上櫃股進度：800/1139（fetch_error 累計 0；finmind_price 快取檔數 1428）
上櫃股進度：850/1139（fetch_error 累計 0；finmind_price 快取檔數 1428）
上櫃股進度：900/1139（fetch_error 累計 0；finmind_price 快取檔數 1428）
上櫃股進度：950/1139（fetch_error 累計 0；finmind_price 快取檔數 1428）
上櫃股進度：1000/1139（fetch_error 累計 0；finmind_price 快取檔數 1428）
上櫃股進度：1050/1139（fetch_error 累計 0；finmind_price 快取檔數 1428）
上櫃股進度：1100/1139（fetch_error 累計 0；finmind_price 快取檔數 1428）
[107/138] 2023-11 已寫入：data/snapshots\2023-11\universe.json
[108/138] 2023-12 已存在但版本過時（0007-v1 → 0007-v2），重建...
上櫃股進度：50/1139（fetch_error 累計 0；finmind_price 快取檔數 1428）
上櫃股進度：100/1139（fetch_error 累計 0；finmind_price 快取檔數 1428）
上櫃股進度：150/1139（fetch_error 累計 0；finmind_price 快取檔數 1428）
上櫃股進度：200/1139（fetch_error 累計 0；finmind_price 快取檔數 1428）
上櫃股進度：250/1139（fetch_error 累計 0；finmind_price 快取檔數 1428）
上櫃股進度：300/1139（fetch_error 累計 0；finmind_price 快取檔數 1428）
上櫃股進度：350/1139（fetch_error 累計 0；finmind_price 快取檔數 1428）
上櫃股進度：400/1139（fetch_error 累計 0；finmind_price 快取檔數 1428）
上櫃股進度：450/1139（fetch_error 累計 0；finmind_price 快取檔數 1428）
上櫃股進度：500/1139（fetch_error 累計 0；finmind_price 快取檔數 1428）
上櫃股進度：550/1139（fetch_error 累計 0；finmind_price 快取檔數 1428）
上櫃股進度：600/1139（fetch_error 累計 0；finmind_price 快取檔數 1428）
上櫃股進度：650/1139（fetch_error 累計 0；finmind_price 快取檔數 1428）
上櫃股進度：700/1139（fetch_error 累計 0；finmind_price 快取檔數 1428）
上櫃股進度：750/1139（fetch_error 累計 0；finmind_price 快取檔數 1428）
上櫃股進度：800/1139（fetch_error 累計 0；finmind_price 快取檔數 1428）
上櫃股進度：850/1139（fetch_error 累計 0；finmind_price 快取檔數 1428）
上櫃股進度：900/1139（fetch_error 累計 0；finmind_price 快取檔數 1428）
上櫃股進度：950/1139（fetch_error 累計 0；finmind_price 快取檔數 1428）
上櫃股進度：1000/1139（fetch_error 累計 0；finmind_price 快取檔數 1428）
上櫃股進度：1050/1139（fetch_error 累計 0；finmind_price 快取檔數 1428）
上櫃股進度：1100/1139（fetch_error 累計 0；finmind_price 快取檔數 1428）
[108/138] 2023-12 已寫入：data/snapshots\2023-12\universe.json
[109/138] 2024-01 已存在但版本過時（0007-v1 → 0007-v2），重建...
上櫃股進度：50/1139（fetch_error 累計 0；finmind_price 快取檔數 1428）
上櫃股進度：100/1139（fetch_error 累計 0；finmind_price 快取檔數 1428）
上櫃股進度：150/1139（fetch_error 累計 0；finmind_price 快取檔數 1428）
上櫃股進度：200/1139（fetch_error 累計 0；finmind_price 快取檔數 1428）
上櫃股進度：250/1139（fetch_error 累計 0；finmind_price 快取檔數 1428）
上櫃股進度：300/1139（fetch_error 累計 0；finmind_price 快取檔數 1428）
上櫃股進度：350/1139（fetch_error 累計 0；finmind_price 快取檔數 1428）
上櫃股進度：400/1139（fetch_error 累計 0；finmind_price 快取檔數 1428）
上櫃股進度：450/1139（fetch_error 累計 0；finmind_price 快取檔數 1428）
上櫃股進度：500/1139（fetch_error 累計 0；finmind_price 快取檔數 1428）
上櫃股進度：550/1139（fetch_error 累計 0；finmind_price 快取檔數 1428）
上櫃股進度：600/1139（fetch_error 累計 0；finmind_price 快取檔數 1428）
上櫃股進度：650/1139（fetch_error 累計 0；finmind_price 快取檔數 1428）
上櫃股進度：700/1139（fetch_error 累計 0；finmind_price 快取檔數 1428）
上櫃股進度：750/1139（fetch_error 累計 0；finmind_price 快取檔數 1428）
上櫃股進度：800/1139（fetch_error 累計 0；finmind_price 快取檔數 1428）
上櫃股進度：850/1139（fetch_error 累計 0；finmind_price 快取檔數 1428）
上櫃股進度：900/1139（fetch_error 累計 0；finmind_price 快取檔數 1428）
上櫃股進度：950/1139（fetch_error 累計 0；finmind_price 快取檔數 1428）
上櫃股進度：1000/1139（fetch_error 累計 0；finmind_price 快取檔數 1428）
上櫃股進度：1050/1139（fetch_error 累計 0；finmind_price 快取檔數 1428）
上櫃股進度：1100/1139（fetch_error 累計 0；finmind_price 快取檔數 1428）
[109/138] 2024-01 已寫入：data/snapshots\2024-01\universe.json
[110/138] 2024-02 已存在但版本過時（0007-v1 → 0007-v2），重建...
上櫃股進度：50/1139（fetch_error 累計 0；finmind_price 快取檔數 1428）
上櫃股進度：100/1139（fetch_error 累計 0；finmind_price 快取檔數 1428）
上櫃股進度：150/1139（fetch_error 累計 0；finmind_price 快取檔數 1428）
上櫃股進度：200/1139（fetch_error 累計 0；finmind_price 快取檔數 1428）
上櫃股進度：250/1139（fetch_error 累計 0；finmind_price 快取檔數 1428）
上櫃股進度：300/1139（fetch_error 累計 0；finmind_price 快取檔數 1428）
上櫃股進度：350/1139（fetch_error 累計 0；finmind_price 快取檔數 1428）
上櫃股進度：400/1139（fetch_error 累計 0；finmind_price 快取檔數 1428）
上櫃股進度：450/1139（fetch_error 累計 0；finmind_price 快取檔數 1428）
上櫃股進度：500/1139（fetch_error 累計 0；finmind_price 快取檔數 1428）
上櫃股進度：550/1139（fetch_error 累計 0；finmind_price 快取檔數 1428）
上櫃股進度：600/1139（fetch_error 累計 0；finmind_price 快取檔數 1428）
上櫃股進度：650/1139（fetch_error 累計 0；finmind_price 快取檔數 1428）
上櫃股進度：700/1139（fetch_error 累計 0；finmind_price 快取檔數 1428）
上櫃股進度：750/1139（fetch_error 累計 0；finmind_price 快取檔數 1428）
上櫃股進度：800/1139（fetch_error 累計 0；finmind_price 快取檔數 1428）
上櫃股進度：850/1139（fetch_error 累計 0；finmind_price 快取檔數 1428）
上櫃股進度：900/1139（fetch_error 累計 0；finmind_price 快取檔數 1428）
上櫃股進度：950/1139（fetch_error 累計 0；finmind_price 快取檔數 1428）
上櫃股進度：1000/1139（fetch_error 累計 0；finmind_price 快取檔數 1428）
上櫃股進度：1050/1139（fetch_error 累計 0；finmind_price 快取檔數 1428）
上櫃股進度：1100/1139（fetch_error 累計 0；finmind_price 快取檔數 1428）
[110/138] 2024-02 已寫入：data/snapshots\2024-02\universe.json
[111/138] 2024-03 已存在但版本過時（0007-v1 → 0007-v2），重建...
上櫃股進度：50/1139（fetch_error 累計 0；finmind_price 快取檔數 1428）
上櫃股進度：100/1139（fetch_error 累計 0；finmind_price 快取檔數 1428）
上櫃股進度：150/1139（fetch_error 累計 0；finmind_price 快取檔數 1428）
上櫃股進度：200/1139（fetch_error 累計 0；finmind_price 快取檔數 1428）
上櫃股進度：250/1139（fetch_error 累計 0；finmind_price 快取檔數 1428）
上櫃股進度：300/1139（fetch_error 累計 0；finmind_price 快取檔數 1428）
上櫃股進度：350/1139（fetch_error 累計 0；finmind_price 快取檔數 1428）
上櫃股進度：400/1139（fetch_error 累計 0；finmind_price 快取檔數 1428）
上櫃股進度：450/1139（fetch_error 累計 0；finmind_price 快取檔數 1428）
上櫃股進度：500/1139（fetch_error 累計 0；finmind_price 快取檔數 1428）
上櫃股進度：550/1139（fetch_error 累計 0；finmind_price 快取檔數 1428）
上櫃股進度：600/1139（fetch_error 累計 0；finmind_price 快取檔數 1428）
上櫃股進度：650/1139（fetch_error 累計 0；finmind_price 快取檔數 1428）
上櫃股進度：700/1139（fetch_error 累計 0；finmind_price 快取檔數 1428）
上櫃股進度：750/1139（fetch_error 累計 0；finmind_price 快取檔數 1428）
上櫃股進度：800/1139（fetch_error 累計 0；finmind_price 快取檔數 1428）
上櫃股進度：850/1139（fetch_error 累計 0；finmind_price 快取檔數 1428）
上櫃股進度：900/1139（fetch_error 累計 0；finmind_price 快取檔數 1428）
上櫃股進度：950/1139（fetch_error 累計 0；finmind_price 快取檔數 1428）
上櫃股進度：1000/1139（fetch_error 累計 0；finmind_price 快取檔數 1428）
上櫃股進度：1050/1139（fetch_error 累計 0；finmind_price 快取檔數 1428）
上櫃股進度：1100/1139（fetch_error 累計 0；finmind_price 快取檔數 1428）
[111/138] 2024-03 已寫入：data/snapshots\2024-03\universe.json
[112/138] 2024-04 已存在但版本過時（0007-v1 → 0007-v2），重建...
上櫃股進度：50/1139（fetch_error 累計 0；finmind_price 快取檔數 1428）
上櫃股進度：100/1139（fetch_error 累計 0；finmind_price 快取檔數 1428）
上櫃股進度：150/1139（fetch_error 累計 0；finmind_price 快取檔數 1428）
上櫃股進度：200/1139（fetch_error 累計 0；finmind_price 快取檔數 1428）
上櫃股進度：250/1139（fetch_error 累計 0；finmind_price 快取檔數 1428）
上櫃股進度：300/1139（fetch_error 累計 0；finmind_price 快取檔數 1428）
上櫃股進度：350/1139（fetch_error 累計 0；finmind_price 快取檔數 1428）
上櫃股進度：400/1139（fetch_error 累計 0；finmind_price 快取檔數 1428）
上櫃股進度：450/1139（fetch_error 累計 0；finmind_price 快取檔數 1428）
上櫃股進度：500/1139（fetch_error 累計 0；finmind_price 快取檔數 1428）
上櫃股進度：550/1139（fetch_error 累計 0；finmind_price 快取檔數 1428）
上櫃股進度：600/1139（fetch_error 累計 0；finmind_price 快取檔數 1428）
上櫃股進度：650/1139（fetch_error 累計 0；finmind_price 快取檔數 1428）
上櫃股進度：700/1139（fetch_error 累計 0；finmind_price 快取檔數 1428）
上櫃股進度：750/1139（fetch_error 累計 0；finmind_price 快取檔數 1428）
上櫃股進度：800/1139（fetch_error 累計 0；finmind_price 快取檔數 1428）
上櫃股進度：850/1139（fetch_error 累計 0；finmind_price 快取檔數 1428）
上櫃股進度：900/1139（fetch_error 累計 0；finmind_price 快取檔數 1428）
上櫃股進度：950/1139（fetch_error 累計 0；finmind_price 快取檔數 1428）
上櫃股進度：1000/1139（fetch_error 累計 0；finmind_price 快取檔數 1428）
上櫃股進度：1050/1139（fetch_error 累計 0；finmind_price 快取檔數 1428）
上櫃股進度：1100/1139（fetch_error 累計 0；finmind_price 快取檔數 1428）
[112/138] 2024-04 已寫入：data/snapshots\2024-04\universe.json
[113/138] 2024-05 已存在但版本過時（0007-v1 → 0007-v2），重建...
上櫃股進度：50/1139（fetch_error 累計 0；finmind_price 快取檔數 1428）
上櫃股進度：100/1139（fetch_error 累計 0；finmind_price 快取檔數 1428）
上櫃股進度：150/1139（fetch_error 累計 0；finmind_price 快取檔數 1428）
上櫃股進度：200/1139（fetch_error 累計 0；finmind_price 快取檔數 1428）
上櫃股進度：250/1139（fetch_error 累計 0；finmind_price 快取檔數 1428）
上櫃股進度：300/1139（fetch_error 累計 0；finmind_price 快取檔數 1428）
上櫃股進度：350/1139（fetch_error 累計 0；finmind_price 快取檔數 1428）
上櫃股進度：400/1139（fetch_error 累計 0；finmind_price 快取檔數 1428）
上櫃股進度：450/1139（fetch_error 累計 0；finmind_price 快取檔數 1428）
上櫃股進度：500/1139（fetch_error 累計 0；finmind_price 快取檔數 1428）
上櫃股進度：550/1139（fetch_error 累計 0；finmind_price 快取檔數 1428）
上櫃股進度：600/1139（fetch_error 累計 0；finmind_price 快取檔數 1428）
上櫃股進度：650/1139（fetch_error 累計 0；finmind_price 快取檔數 1428）
上櫃股進度：700/1139（fetch_error 累計 0；finmind_price 快取檔數 1428）
上櫃股進度：750/1139（fetch_error 累計 0；finmind_price 快取檔數 1428）
上櫃股進度：800/1139（fetch_error 累計 0；finmind_price 快取檔數 1428）
上櫃股進度：850/1139（fetch_error 累計 0；finmind_price 快取檔數 1428）
上櫃股進度：900/1139（fetch_error 累計 0；finmind_price 快取檔數 1428）
上櫃股進度：950/1139（fetch_error 累計 0；finmind_price 快取檔數 1428）
上櫃股進度：1000/1139（fetch_error 累計 0；finmind_price 快取檔數 1428）
上櫃股進度：1050/1139（fetch_error 累計 0；finmind_price 快取檔數 1428）
上櫃股進度：1100/1139（fetch_error 累計 0；finmind_price 快取檔數 1428）
[113/138] 2024-05 已寫入：data/snapshots\2024-05\universe.json
[114/138] 2024-06 已存在但版本過時（0007-v1 → 0007-v2），重建...
上櫃股進度：50/1139（fetch_error 累計 0；finmind_price 快取檔數 1428）
上櫃股進度：100/1139（fetch_error 累計 0；finmind_price 快取檔數 1428）
上櫃股進度：150/1139（fetch_error 累計 0；finmind_price 快取檔數 1428）
上櫃股進度：200/1139（fetch_error 累計 0；finmind_price 快取檔數 1428）
上櫃股進度：250/1139（fetch_error 累計 0；finmind_price 快取檔數 1428）
上櫃股進度：300/1139（fetch_error 累計 0；finmind_price 快取檔數 1428）
上櫃股進度：350/1139（fetch_error 累計 0；finmind_price 快取檔數 1428）
上櫃股進度：400/1139（fetch_error 累計 0；finmind_price 快取檔數 1428）
上櫃股進度：450/1139（fetch_error 累計 0；finmind_price 快取檔數 1428）
上櫃股進度：500/1139（fetch_error 累計 0；finmind_price 快取檔數 1428）
上櫃股進度：550/1139（fetch_error 累計 0；finmind_price 快取檔數 1428）
上櫃股進度：600/1139（fetch_error 累計 0；finmind_price 快取檔數 1428）
上櫃股進度：650/1139（fetch_error 累計 0；finmind_price 快取檔數 1428）
上櫃股進度：700/1139（fetch_error 累計 0；finmind_price 快取檔數 1428）
上櫃股進度：750/1139（fetch_error 累計 0；finmind_price 快取檔數 1428）
上櫃股進度：800/1139（fetch_error 累計 0；finmind_price 快取檔數 1428）
上櫃股進度：850/1139（fetch_error 累計 0；finmind_price 快取檔數 1428）
上櫃股進度：900/1139（fetch_error 累計 0；finmind_price 快取檔數 1428）
上櫃股進度：950/1139（fetch_error 累計 0；finmind_price 快取檔數 1428）
上櫃股進度：1000/1139（fetch_error 累計 0；finmind_price 快取檔數 1428）
上櫃股進度：1050/1139（fetch_error 累計 0；finmind_price 快取檔數 1428）
上櫃股進度：1100/1139（fetch_error 累計 0；finmind_price 快取檔數 1428）
[114/138] 2024-06 已寫入：data/snapshots\2024-06\universe.json
[115/138] 2024-07 已存在但版本過時（0007-v1 → 0007-v2），重建...
上櫃股進度：50/1139（fetch_error 累計 0；finmind_price 快取檔數 1428）
上櫃股進度：100/1139（fetch_error 累計 0；finmind_price 快取檔數 1428）
上櫃股進度：150/1139（fetch_error 累計 0；finmind_price 快取檔數 1428）
上櫃股進度：200/1139（fetch_error 累計 0；finmind_price 快取檔數 1428）
上櫃股進度：250/1139（fetch_error 累計 0；finmind_price 快取檔數 1428）
上櫃股進度：300/1139（fetch_error 累計 0；finmind_price 快取檔數 1428）
上櫃股進度：350/1139（fetch_error 累計 0；finmind_price 快取檔數 1428）
上櫃股進度：400/1139（fetch_error 累計 0；finmind_price 快取檔數 1428）
上櫃股進度：450/1139（fetch_error 累計 0；finmind_price 快取檔數 1428）
上櫃股進度：500/1139（fetch_error 累計 0；finmind_price 快取檔數 1428）
上櫃股進度：550/1139（fetch_error 累計 0；finmind_price 快取檔數 1428）
上櫃股進度：600/1139（fetch_error 累計 0；finmind_price 快取檔數 1428）
上櫃股進度：650/1139（fetch_error 累計 0；finmind_price 快取檔數 1428）
上櫃股進度：700/1139（fetch_error 累計 0；finmind_price 快取檔數 1428）
上櫃股進度：750/1139（fetch_error 累計 0；finmind_price 快取檔數 1428）
上櫃股進度：800/1139（fetch_error 累計 0；finmind_price 快取檔數 1428）
上櫃股進度：850/1139（fetch_error 累計 0；finmind_price 快取檔數 1428）
上櫃股進度：900/1139（fetch_error 累計 0；finmind_price 快取檔數 1428）
上櫃股進度：950/1139（fetch_error 累計 0；finmind_price 快取檔數 1428）
上櫃股進度：1000/1139（fetch_error 累計 0；finmind_price 快取檔數 1428）
上櫃股進度：1050/1139（fetch_error 累計 0；finmind_price 快取檔數 1428）
上櫃股進度：1100/1139（fetch_error 累計 0；finmind_price 快取檔數 1428）
[115/138] 2024-07 已寫入：data/snapshots\2024-07\universe.json
[116/138] 2024-08 已存在但版本過時（0007-v1 → 0007-v2），重建...
上櫃股進度：50/1139（fetch_error 累計 0；finmind_price 快取檔數 1428）
上櫃股進度：100/1139（fetch_error 累計 0；finmind_price 快取檔數 1428）
上櫃股進度：150/1139（fetch_error 累計 0；finmind_price 快取檔數 1428）
上櫃股進度：200/1139（fetch_error 累計 0；finmind_price 快取檔數 1428）
上櫃股進度：250/1139（fetch_error 累計 0；finmind_price 快取檔數 1428）
上櫃股進度：300/1139（fetch_error 累計 0；finmind_price 快取檔數 1428）
上櫃股進度：350/1139（fetch_error 累計 0；finmind_price 快取檔數 1428）
上櫃股進度：400/1139（fetch_error 累計 0；finmind_price 快取檔數 1428）
上櫃股進度：450/1139（fetch_error 累計 0；finmind_price 快取檔數 1428）
上櫃股進度：500/1139（fetch_error 累計 0；finmind_price 快取檔數 1428）
上櫃股進度：550/1139（fetch_error 累計 0；finmind_price 快取檔數 1428）
上櫃股進度：600/1139（fetch_error 累計 0；finmind_price 快取檔數 1428）
上櫃股進度：650/1139（fetch_error 累計 0；finmind_price 快取檔數 1428）
上櫃股進度：700/1139（fetch_error 累計 0；finmind_price 快取檔數 1428）
上櫃股進度：750/1139（fetch_error 累計 0；finmind_price 快取檔數 1428）
上櫃股進度：800/1139（fetch_error 累計 0；finmind_price 快取檔數 1428）
上櫃股進度：850/1139（fetch_error 累計 0；finmind_price 快取檔數 1428）
上櫃股進度：900/1139（fetch_error 累計 0；finmind_price 快取檔數 1428）
上櫃股進度：950/1139（fetch_error 累計 0；finmind_price 快取檔數 1428）
上櫃股進度：1000/1139（fetch_error 累計 0；finmind_price 快取檔數 1428）
上櫃股進度：1050/1139（fetch_error 累計 0；finmind_price 快取檔數 1428）
上櫃股進度：1100/1139（fetch_error 累計 0；finmind_price 快取檔數 1428）
[116/138] 2024-08 已寫入：data/snapshots\2024-08\universe.json
[117/138] 2024-09 已存在但版本過時（0007-v1 → 0007-v2），重建...
上櫃股進度：50/1139（fetch_error 累計 0；finmind_price 快取檔數 1428）
上櫃股進度：100/1139（fetch_error 累計 0；finmind_price 快取檔數 1428）
上櫃股進度：150/1139（fetch_error 累計 0；finmind_price 快取檔數 1428）
上櫃股進度：200/1139（fetch_error 累計 0；finmind_price 快取檔數 1428）
上櫃股進度：250/1139（fetch_error 累計 0；finmind_price 快取檔數 1428）
上櫃股進度：300/1139（fetch_error 累計 0；finmind_price 快取檔數 1428）
上櫃股進度：350/1139（fetch_error 累計 0；finmind_price 快取檔數 1428）
上櫃股進度：400/1139（fetch_error 累計 0；finmind_price 快取檔數 1428）
上櫃股進度：450/1139（fetch_error 累計 0；finmind_price 快取檔數 1428）
上櫃股進度：500/1139（fetch_error 累計 0；finmind_price 快取檔數 1428）
上櫃股進度：550/1139（fetch_error 累計 0；finmind_price 快取檔數 1428）
上櫃股進度：600/1139（fetch_error 累計 0；finmind_price 快取檔數 1428）
上櫃股進度：650/1139（fetch_error 累計 0；finmind_price 快取檔數 1428）
上櫃股進度：700/1139（fetch_error 累計 0；finmind_price 快取檔數 1428）
上櫃股進度：750/1139（fetch_error 累計 0；finmind_price 快取檔數 1428）
上櫃股進度：800/1139（fetch_error 累計 0；finmind_price 快取檔數 1428）
上櫃股進度：850/1139（fetch_error 累計 0；finmind_price 快取檔數 1428）
上櫃股進度：900/1139（fetch_error 累計 0；finmind_price 快取檔數 1428）
上櫃股進度：950/1139（fetch_error 累計 0；finmind_price 快取檔數 1428）
上櫃股進度：1000/1139（fetch_error 累計 0；finmind_price 快取檔數 1428）
上櫃股進度：1050/1139（fetch_error 累計 0；finmind_price 快取檔數 1428）
上櫃股進度：1100/1139（fetch_error 累計 0；finmind_price 快取檔數 1428）
[117/138] 2024-09 已寫入：data/snapshots\2024-09\universe.json
[118/138] 2024-10 已存在但版本過時（0007-v1 → 0007-v2），重建...
上櫃股進度：50/1139（fetch_error 累計 0；finmind_price 快取檔數 1428）
上櫃股進度：100/1139（fetch_error 累計 0；finmind_price 快取檔數 1428）
上櫃股進度：150/1139（fetch_error 累計 0；finmind_price 快取檔數 1428）
上櫃股進度：200/1139（fetch_error 累計 0；finmind_price 快取檔數 1428）
上櫃股進度：250/1139（fetch_error 累計 0；finmind_price 快取檔數 1428）
上櫃股進度：300/1139（fetch_error 累計 0；finmind_price 快取檔數 1428）
上櫃股進度：350/1139（fetch_error 累計 0；finmind_price 快取檔數 1428）
上櫃股進度：400/1139（fetch_error 累計 0；finmind_price 快取檔數 1428）
上櫃股進度：450/1139（fetch_error 累計 0；finmind_price 快取檔數 1428）
上櫃股進度：500/1139（fetch_error 累計 0；finmind_price 快取檔數 1428）
上櫃股進度：550/1139（fetch_error 累計 0；finmind_price 快取檔數 1428）
上櫃股進度：600/1139（fetch_error 累計 0；finmind_price 快取檔數 1428）
上櫃股進度：650/1139（fetch_error 累計 0；finmind_price 快取檔數 1428）
上櫃股進度：700/1139（fetch_error 累計 0；finmind_price 快取檔數 1428）
上櫃股進度：750/1139（fetch_error 累計 0；finmind_price 快取檔數 1428）
上櫃股進度：800/1139（fetch_error 累計 0；finmind_price 快取檔數 1428）
上櫃股進度：850/1139（fetch_error 累計 0；finmind_price 快取檔數 1428）
上櫃股進度：900/1139（fetch_error 累計 0；finmind_price 快取檔數 1428）
上櫃股進度：950/1139（fetch_error 累計 0；finmind_price 快取檔數 1428）
上櫃股進度：1000/1139（fetch_error 累計 0；finmind_price 快取檔數 1428）
上櫃股進度：1050/1139（fetch_error 累計 0；finmind_price 快取檔數 1428）
上櫃股進度：1100/1139（fetch_error 累計 0；finmind_price 快取檔數 1428）
[118/138] 2024-10 已寫入：data/snapshots\2024-10\universe.json
[119/138] 2024-11 已存在但版本過時（0007-v1 → 0007-v2），重建...
上櫃股進度：50/1139（fetch_error 累計 0；finmind_price 快取檔數 1428）
上櫃股進度：100/1139（fetch_error 累計 0；finmind_price 快取檔數 1428）
上櫃股進度：150/1139（fetch_error 累計 0；finmind_price 快取檔數 1428）
上櫃股進度：200/1139（fetch_error 累計 0；finmind_price 快取檔數 1428）
上櫃股進度：250/1139（fetch_error 累計 0；finmind_price 快取檔數 1428）
上櫃股進度：300/1139（fetch_error 累計 0；finmind_price 快取檔數 1428）
上櫃股進度：350/1139（fetch_error 累計 0；finmind_price 快取檔數 1428）
上櫃股進度：400/1139（fetch_error 累計 0；finmind_price 快取檔數 1428）
上櫃股進度：450/1139（fetch_error 累計 0；finmind_price 快取檔數 1428）
上櫃股進度：500/1139（fetch_error 累計 0；finmind_price 快取檔數 1428）
上櫃股進度：550/1139（fetch_error 累計 0；finmind_price 快取檔數 1428）
上櫃股進度：600/1139（fetch_error 累計 0；finmind_price 快取檔數 1428）
上櫃股進度：650/1139（fetch_error 累計 0；finmind_price 快取檔數 1428）
上櫃股進度：700/1139（fetch_error 累計 0；finmind_price 快取檔數 1428）
上櫃股進度：750/1139（fetch_error 累計 0；finmind_price 快取檔數 1428）
上櫃股進度：800/1139（fetch_error 累計 0；finmind_price 快取檔數 1428）
上櫃股進度：850/1139（fetch_error 累計 0；finmind_price 快取檔數 1428）
上櫃股進度：900/1139（fetch_error 累計 0；finmind_price 快取檔數 1428）
上櫃股進度：950/1139（fetch_error 累計 0；finmind_price 快取檔數 1428）
上櫃股進度：1000/1139（fetch_error 累計 0；finmind_price 快取檔數 1428）
上櫃股進度：1050/1139（fetch_error 累計 0；finmind_price 快取檔數 1428）
上櫃股進度：1100/1139（fetch_error 累計 0；finmind_price 快取檔數 1428）
[119/138] 2024-11 已寫入：data/snapshots\2024-11\universe.json
[120/138] 2024-12 已存在但版本過時（0007-v1 → 0007-v2），重建...
上櫃股進度：50/1139（fetch_error 累計 0；finmind_price 快取檔數 1428）
上櫃股進度：100/1139（fetch_error 累計 0；finmind_price 快取檔數 1428）
上櫃股進度：150/1139（fetch_error 累計 0；finmind_price 快取檔數 1428）
上櫃股進度：200/1139（fetch_error 累計 0；finmind_price 快取檔數 1428）
上櫃股進度：250/1139（fetch_error 累計 0；finmind_price 快取檔數 1428）
上櫃股進度：300/1139（fetch_error 累計 0；finmind_price 快取檔數 1428）
上櫃股進度：350/1139（fetch_error 累計 0；finmind_price 快取檔數 1428）
上櫃股進度：400/1139（fetch_error 累計 0；finmind_price 快取檔數 1428）
上櫃股進度：450/1139（fetch_error 累計 0；finmind_price 快取檔數 1428）
上櫃股進度：500/1139（fetch_error 累計 0；finmind_price 快取檔數 1428）
上櫃股進度：550/1139（fetch_error 累計 0；finmind_price 快取檔數 1428）
上櫃股進度：600/1139（fetch_error 累計 0；finmind_price 快取檔數 1428）
上櫃股進度：650/1139（fetch_error 累計 0；finmind_price 快取檔數 1428）
上櫃股進度：700/1139（fetch_error 累計 0；finmind_price 快取檔數 1428）
上櫃股進度：750/1139（fetch_error 累計 0；finmind_price 快取檔數 1428）
上櫃股進度：800/1139（fetch_error 累計 0；finmind_price 快取檔數 1428）
上櫃股進度：850/1139（fetch_error 累計 0；finmind_price 快取檔數 1428）
上櫃股進度：900/1139（fetch_error 累計 0；finmind_price 快取檔數 1428）
上櫃股進度：950/1139（fetch_error 累計 0；finmind_price 快取檔數 1428）
上櫃股進度：1000/1139（fetch_error 累計 0；finmind_price 快取檔數 1428）
上櫃股進度：1050/1139（fetch_error 累計 0；finmind_price 快取檔數 1428）
上櫃股進度：1100/1139（fetch_error 累計 0；finmind_price 快取檔數 1428）
[120/138] 2024-12 已寫入：data/snapshots\2024-12\universe.json
[121/138] 2025-01 已存在但版本過時（0007-v1 → 0007-v2），重建...
上櫃股進度：50/1139（fetch_error 累計 0；finmind_price 快取檔數 1428）
上櫃股進度：100/1139（fetch_error 累計 0；finmind_price 快取檔數 1428）
上櫃股進度：150/1139（fetch_error 累計 0；finmind_price 快取檔數 1428）
上櫃股進度：200/1139（fetch_error 累計 0；finmind_price 快取檔數 1428）
上櫃股進度：250/1139（fetch_error 累計 0；finmind_price 快取檔數 1428）
上櫃股進度：300/1139（fetch_error 累計 0；finmind_price 快取檔數 1428）
上櫃股進度：350/1139（fetch_error 累計 0；finmind_price 快取檔數 1428）
上櫃股進度：400/1139（fetch_error 累計 0；finmind_price 快取檔數 1428）
上櫃股進度：450/1139（fetch_error 累計 0；finmind_price 快取檔數 1428）
上櫃股進度：500/1139（fetch_error 累計 0；finmind_price 快取檔數 1428）
上櫃股進度：550/1139（fetch_error 累計 0；finmind_price 快取檔數 1428）
上櫃股進度：600/1139（fetch_error 累計 0；finmind_price 快取檔數 1428）
上櫃股進度：650/1139（fetch_error 累計 0；finmind_price 快取檔數 1428）
上櫃股進度：700/1139（fetch_error 累計 0；finmind_price 快取檔數 1428）
上櫃股進度：750/1139（fetch_error 累計 0；finmind_price 快取檔數 1428）
上櫃股進度：800/1139（fetch_error 累計 0；finmind_price 快取檔數 1428）
上櫃股進度：850/1139（fetch_error 累計 0；finmind_price 快取檔數 1428）
上櫃股進度：900/1139（fetch_error 累計 0；finmind_price 快取檔數 1428）
上櫃股進度：950/1139（fetch_error 累計 0；finmind_price 快取檔數 1428）
上櫃股進度：1000/1139（fetch_error 累計 0；finmind_price 快取檔數 1428）
上櫃股進度：1050/1139（fetch_error 累計 0；finmind_price 快取檔數 1428）
上櫃股進度：1100/1139（fetch_error 累計 0；finmind_price 快取檔數 1428）
[121/138] 2025-01 已寫入：data/snapshots\2025-01\universe.json
[122/138] 2025-02 已存在但版本過時（0007-v1 → 0007-v2），重建...
上櫃股進度：50/1139（fetch_error 累計 0；finmind_price 快取檔數 1428）
上櫃股進度：100/1139（fetch_error 累計 0；finmind_price 快取檔數 1428）
上櫃股進度：150/1139（fetch_error 累計 0；finmind_price 快取檔數 1428）
上櫃股進度：200/1139（fetch_error 累計 0；finmind_price 快取檔數 1428）
上櫃股進度：250/1139（fetch_error 累計 0；finmind_price 快取檔數 1428）
上櫃股進度：300/1139（fetch_error 累計 0；finmind_price 快取檔數 1428）
上櫃股進度：350/1139（fetch_error 累計 0；finmind_price 快取檔數 1428）
上櫃股進度：400/1139（fetch_error 累計 0；finmind_price 快取檔數 1428）
上櫃股進度：450/1139（fetch_error 累計 0；finmind_price 快取檔數 1428）
上櫃股進度：500/1139（fetch_error 累計 0；finmind_price 快取檔數 1428）
上櫃股進度：550/1139（fetch_error 累計 0；finmind_price 快取檔數 1428）
上櫃股進度：600/1139（fetch_error 累計 0；finmind_price 快取檔數 1428）
上櫃股進度：650/1139（fetch_error 累計 0；finmind_price 快取檔數 1428）
上櫃股進度：700/1139（fetch_error 累計 0；finmind_price 快取檔數 1428）
上櫃股進度：750/1139（fetch_error 累計 0；finmind_price 快取檔數 1428）
上櫃股進度：800/1139（fetch_error 累計 0；finmind_price 快取檔數 1428）
上櫃股進度：850/1139（fetch_error 累計 0；finmind_price 快取檔數 1428）
上櫃股進度：900/1139（fetch_error 累計 0；finmind_price 快取檔數 1428）
上櫃股進度：950/1139（fetch_error 累計 0；finmind_price 快取檔數 1428）
上櫃股進度：1000/1139（fetch_error 累計 0；finmind_price 快取檔數 1428）
上櫃股進度：1050/1139（fetch_error 累計 0；finmind_price 快取檔數 1428）
上櫃股進度：1100/1139（fetch_error 累計 0；finmind_price 快取檔數 1428）
[122/138] 2025-02 已寫入：data/snapshots\2025-02\universe.json
[123/138] 2025-03 已存在但版本過時（0007-v1 → 0007-v2），重建...
上櫃股進度：50/1139（fetch_error 累計 0；finmind_price 快取檔數 1428）
上櫃股進度：100/1139（fetch_error 累計 0；finmind_price 快取檔數 1428）
上櫃股進度：150/1139（fetch_error 累計 0；finmind_price 快取檔數 1428）
上櫃股進度：200/1139（fetch_error 累計 0；finmind_price 快取檔數 1428）
上櫃股進度：250/1139（fetch_error 累計 0；finmind_price 快取檔數 1428）
上櫃股進度：300/1139（fetch_error 累計 0；finmind_price 快取檔數 1428）
上櫃股進度：350/1139（fetch_error 累計 0；finmind_price 快取檔數 1428）
上櫃股進度：400/1139（fetch_error 累計 0；finmind_price 快取檔數 1428）
上櫃股進度：450/1139（fetch_error 累計 0；finmind_price 快取檔數 1428）
上櫃股進度：500/1139（fetch_error 累計 0；finmind_price 快取檔數 1428）
上櫃股進度：550/1139（fetch_error 累計 0；finmind_price 快取檔數 1428）
上櫃股進度：600/1139（fetch_error 累計 0；finmind_price 快取檔數 1428）
上櫃股進度：650/1139（fetch_error 累計 0；finmind_price 快取檔數 1428）
上櫃股進度：700/1139（fetch_error 累計 0；finmind_price 快取檔數 1428）
上櫃股進度：750/1139（fetch_error 累計 0；finmind_price 快取檔數 1428）
上櫃股進度：800/1139（fetch_error 累計 0；finmind_price 快取檔數 1428）
上櫃股進度：850/1139（fetch_error 累計 0；finmind_price 快取檔數 1428）
上櫃股進度：900/1139（fetch_error 累計 0；finmind_price 快取檔數 1428）
上櫃股進度：950/1139（fetch_error 累計 0；finmind_price 快取檔數 1428）
上櫃股進度：1000/1139（fetch_error 累計 0；finmind_price 快取檔數 1428）
上櫃股進度：1050/1139（fetch_error 累計 0；finmind_price 快取檔數 1428）
上櫃股進度：1100/1139（fetch_error 累計 0；finmind_price 快取檔數 1428）
[123/138] 2025-03 已寫入：data/snapshots\2025-03\universe.json
[124/138] 2025-04 已存在但版本過時（0007-v1 → 0007-v2），重建...
上櫃股進度：50/1139（fetch_error 累計 0；finmind_price 快取檔數 1428）
上櫃股進度：100/1139（fetch_error 累計 0；finmind_price 快取檔數 1428）
上櫃股進度：150/1139（fetch_error 累計 0；finmind_price 快取檔數 1428）
上櫃股進度：200/1139（fetch_error 累計 0；finmind_price 快取檔數 1428）
上櫃股進度：250/1139（fetch_error 累計 0；finmind_price 快取檔數 1428）
上櫃股進度：300/1139（fetch_error 累計 0；finmind_price 快取檔數 1428）
上櫃股進度：350/1139（fetch_error 累計 0；finmind_price 快取檔數 1428）
上櫃股進度：400/1139（fetch_error 累計 0；finmind_price 快取檔數 1428）
上櫃股進度：450/1139（fetch_error 累計 0；finmind_price 快取檔數 1428）
上櫃股進度：500/1139（fetch_error 累計 0；finmind_price 快取檔數 1428）
上櫃股進度：550/1139（fetch_error 累計 0；finmind_price 快取檔數 1428）
上櫃股進度：600/1139（fetch_error 累計 0；finmind_price 快取檔數 1428）
上櫃股進度：650/1139（fetch_error 累計 0；finmind_price 快取檔數 1428）
上櫃股進度：700/1139（fetch_error 累計 0；finmind_price 快取檔數 1428）
上櫃股進度：750/1139（fetch_error 累計 0；finmind_price 快取檔數 1428）
上櫃股進度：800/1139（fetch_error 累計 0；finmind_price 快取檔數 1428）
上櫃股進度：850/1139（fetch_error 累計 0；finmind_price 快取檔數 1428）
上櫃股進度：900/1139（fetch_error 累計 0；finmind_price 快取檔數 1428）
上櫃股進度：950/1139（fetch_error 累計 0；finmind_price 快取檔數 1428）
上櫃股進度：1000/1139（fetch_error 累計 0；finmind_price 快取檔數 1428）
上櫃股進度：1050/1139（fetch_error 累計 0；finmind_price 快取檔數 1428）
上櫃股進度：1100/1139（fetch_error 累計 0；finmind_price 快取檔數 1428）
[124/138] 2025-04 已寫入：data/snapshots\2025-04\universe.json
[125/138] 2025-05 已存在但版本過時（0007-v1 → 0007-v2），重建...
上櫃股進度：50/1139（fetch_error 累計 0；finmind_price 快取檔數 1428）
上櫃股進度：100/1139（fetch_error 累計 0；finmind_price 快取檔數 1428）
上櫃股進度：150/1139（fetch_error 累計 0；finmind_price 快取檔數 1428）
上櫃股進度：200/1139（fetch_error 累計 0；finmind_price 快取檔數 1428）
上櫃股進度：250/1139（fetch_error 累計 0；finmind_price 快取檔數 1428）
上櫃股進度：300/1139（fetch_error 累計 0；finmind_price 快取檔數 1428）
上櫃股進度：350/1139（fetch_error 累計 0；finmind_price 快取檔數 1428）
上櫃股進度：400/1139（fetch_error 累計 0；finmind_price 快取檔數 1428）
上櫃股進度：450/1139（fetch_error 累計 0；finmind_price 快取檔數 1428）
上櫃股進度：500/1139（fetch_error 累計 0；finmind_price 快取檔數 1428）
上櫃股進度：550/1139（fetch_error 累計 0；finmind_price 快取檔數 1428）
上櫃股進度：600/1139（fetch_error 累計 0；finmind_price 快取檔數 1428）
上櫃股進度：650/1139（fetch_error 累計 0；finmind_price 快取檔數 1428）
上櫃股進度：700/1139（fetch_error 累計 0；finmind_price 快取檔數 1428）
上櫃股進度：750/1139（fetch_error 累計 0；finmind_price 快取檔數 1428）
上櫃股進度：800/1139（fetch_error 累計 0；finmind_price 快取檔數 1428）
上櫃股進度：850/1139（fetch_error 累計 0；finmind_price 快取檔數 1428）
上櫃股進度：900/1139（fetch_error 累計 0；finmind_price 快取檔數 1428）
上櫃股進度：950/1139（fetch_error 累計 0；finmind_price 快取檔數 1428）
上櫃股進度：1000/1139（fetch_error 累計 0；finmind_price 快取檔數 1428）
上櫃股進度：1050/1139（fetch_error 累計 0；finmind_price 快取檔數 1428）
上櫃股進度：1100/1139（fetch_error 累計 0；finmind_price 快取檔數 1428）
[125/138] 2025-05 已寫入：data/snapshots\2025-05\universe.json
[126/138] 2025-06 已存在但版本過時（0007-v1 → 0007-v2），重建...
上櫃股進度：50/1139（fetch_error 累計 0；finmind_price 快取檔數 1428）
上櫃股進度：100/1139（fetch_error 累計 0；finmind_price 快取檔數 1428）
上櫃股進度：150/1139（fetch_error 累計 0；finmind_price 快取檔數 1428）
上櫃股進度：200/1139（fetch_error 累計 0；finmind_price 快取檔數 1428）
上櫃股進度：250/1139（fetch_error 累計 0；finmind_price 快取檔數 1428）
上櫃股進度：300/1139（fetch_error 累計 0；finmind_price 快取檔數 1428）
上櫃股進度：350/1139（fetch_error 累計 0；finmind_price 快取檔數 1428）
上櫃股進度：400/1139（fetch_error 累計 0；finmind_price 快取檔數 1428）
上櫃股進度：450/1139（fetch_error 累計 0；finmind_price 快取檔數 1428）
上櫃股進度：500/1139（fetch_error 累計 0；finmind_price 快取檔數 1428）
上櫃股進度：550/1139（fetch_error 累計 0；finmind_price 快取檔數 1428）
上櫃股進度：600/1139（fetch_error 累計 0；finmind_price 快取檔數 1428）
上櫃股進度：650/1139（fetch_error 累計 0；finmind_price 快取檔數 1428）
上櫃股進度：700/1139（fetch_error 累計 0；finmind_price 快取檔數 1428）
上櫃股進度：750/1139（fetch_error 累計 0；finmind_price 快取檔數 1428）
上櫃股進度：800/1139（fetch_error 累計 0；finmind_price 快取檔數 1428）
上櫃股進度：850/1139（fetch_error 累計 0；finmind_price 快取檔數 1428）
上櫃股進度：900/1139（fetch_error 累計 0；finmind_price 快取檔數 1428）
上櫃股進度：950/1139（fetch_error 累計 0；finmind_price 快取檔數 1428）
上櫃股進度：1000/1139（fetch_error 累計 0；finmind_price 快取檔數 1428）
上櫃股進度：1050/1139（fetch_error 累計 0；finmind_price 快取檔數 1428）
上櫃股進度：1100/1139（fetch_error 累計 0；finmind_price 快取檔數 1428）
[126/138] 2025-06 已寫入：data/snapshots\2025-06\universe.json
[127/138] 2025-07 已存在但版本過時（0007-v1 → 0007-v2），重建...
上櫃股進度：50/1139（fetch_error 累計 0；finmind_price 快取檔數 1428）
上櫃股進度：100/1139（fetch_error 累計 0；finmind_price 快取檔數 1428）
上櫃股進度：150/1139（fetch_error 累計 0；finmind_price 快取檔數 1428）
上櫃股進度：200/1139（fetch_error 累計 0；finmind_price 快取檔數 1428）
上櫃股進度：250/1139（fetch_error 累計 0；finmind_price 快取檔數 1428）
上櫃股進度：300/1139（fetch_error 累計 0；finmind_price 快取檔數 1428）
上櫃股進度：350/1139（fetch_error 累計 0；finmind_price 快取檔數 1428）
上櫃股進度：400/1139（fetch_error 累計 0；finmind_price 快取檔數 1428）
上櫃股進度：450/1139（fetch_error 累計 0；finmind_price 快取檔數 1428）
上櫃股進度：500/1139（fetch_error 累計 0；finmind_price 快取檔數 1428）
上櫃股進度：550/1139（fetch_error 累計 0；finmind_price 快取檔數 1428）
上櫃股進度：600/1139（fetch_error 累計 0；finmind_price 快取檔數 1428）
上櫃股進度：650/1139（fetch_error 累計 0；finmind_price 快取檔數 1428）
上櫃股進度：700/1139（fetch_error 累計 0；finmind_price 快取檔數 1428）
上櫃股進度：750/1139（fetch_error 累計 0；finmind_price 快取檔數 1428）
上櫃股進度：800/1139（fetch_error 累計 0；finmind_price 快取檔數 1428）
上櫃股進度：850/1139（fetch_error 累計 0；finmind_price 快取檔數 1428）
上櫃股進度：900/1139（fetch_error 累計 0；finmind_price 快取檔數 1428）
上櫃股進度：950/1139（fetch_error 累計 0；finmind_price 快取檔數 1428）
上櫃股進度：1000/1139（fetch_error 累計 0；finmind_price 快取檔數 1428）
上櫃股進度：1050/1139（fetch_error 累計 0；finmind_price 快取檔數 1428）
上櫃股進度：1100/1139（fetch_error 累計 0；finmind_price 快取檔數 1428）
[127/138] 2025-07 已寫入：data/snapshots\2025-07\universe.json
[128/138] 2025-08 已存在但版本過時（0007-v1 → 0007-v2），重建...
上櫃股進度：50/1139（fetch_error 累計 0；finmind_price 快取檔數 1428）
上櫃股進度：100/1139（fetch_error 累計 0；finmind_price 快取檔數 1428）
上櫃股進度：150/1139（fetch_error 累計 0；finmind_price 快取檔數 1428）
上櫃股進度：200/1139（fetch_error 累計 0；finmind_price 快取檔數 1428）
上櫃股進度：250/1139（fetch_error 累計 0；finmind_price 快取檔數 1428）
上櫃股進度：300/1139（fetch_error 累計 0；finmind_price 快取檔數 1428）
上櫃股進度：350/1139（fetch_error 累計 0；finmind_price 快取檔數 1428）
上櫃股進度：400/1139（fetch_error 累計 0；finmind_price 快取檔數 1428）
上櫃股進度：450/1139（fetch_error 累計 0；finmind_price 快取檔數 1428）
上櫃股進度：500/1139（fetch_error 累計 0；finmind_price 快取檔數 1428）
上櫃股進度：550/1139（fetch_error 累計 0；finmind_price 快取檔數 1428）
上櫃股進度：600/1139（fetch_error 累計 0；finmind_price 快取檔數 1428）
上櫃股進度：650/1139（fetch_error 累計 0；finmind_price 快取檔數 1428）
上櫃股進度：700/1139（fetch_error 累計 0；finmind_price 快取檔數 1428）
上櫃股進度：750/1139（fetch_error 累計 0；finmind_price 快取檔數 1428）
上櫃股進度：800/1139（fetch_error 累計 0；finmind_price 快取檔數 1428）
上櫃股進度：850/1139（fetch_error 累計 0；finmind_price 快取檔數 1428）
上櫃股進度：900/1139（fetch_error 累計 0；finmind_price 快取檔數 1428）
上櫃股進度：950/1139（fetch_error 累計 0；finmind_price 快取檔數 1428）
上櫃股進度：1000/1139（fetch_error 累計 0；finmind_price 快取檔數 1428）
上櫃股進度：1050/1139（fetch_error 累計 0；finmind_price 快取檔數 1428）
上櫃股進度：1100/1139（fetch_error 累計 0；finmind_price 快取檔數 1428）
[128/138] 2025-08 已寫入：data/snapshots\2025-08\universe.json
[129/138] 2025-09 已存在但版本過時（0007-v1 → 0007-v2），重建...
上櫃股進度：50/1139（fetch_error 累計 0；finmind_price 快取檔數 1428）
上櫃股進度：100/1139（fetch_error 累計 0；finmind_price 快取檔數 1428）
上櫃股進度：150/1139（fetch_error 累計 0；finmind_price 快取檔數 1428）
上櫃股進度：200/1139（fetch_error 累計 0；finmind_price 快取檔數 1428）
上櫃股進度：250/1139（fetch_error 累計 0；finmind_price 快取檔數 1428）
上櫃股進度：300/1139（fetch_error 累計 0；finmind_price 快取檔數 1428）
上櫃股進度：350/1139（fetch_error 累計 0；finmind_price 快取檔數 1428）
上櫃股進度：400/1139（fetch_error 累計 0；finmind_price 快取檔數 1428）
上櫃股進度：450/1139（fetch_error 累計 0；finmind_price 快取檔數 1428）
上櫃股進度：500/1139（fetch_error 累計 0；finmind_price 快取檔數 1428）
上櫃股進度：550/1139（fetch_error 累計 0；finmind_price 快取檔數 1428）
上櫃股進度：600/1139（fetch_error 累計 0；finmind_price 快取檔數 1428）
上櫃股進度：650/1139（fetch_error 累計 0；finmind_price 快取檔數 1428）
上櫃股進度：700/1139（fetch_error 累計 0；finmind_price 快取檔數 1428）
上櫃股進度：750/1139（fetch_error 累計 0；finmind_price 快取檔數 1428）
上櫃股進度：800/1139（fetch_error 累計 0；finmind_price 快取檔數 1428）
上櫃股進度：850/1139（fetch_error 累計 0；finmind_price 快取檔數 1428）
上櫃股進度：900/1139（fetch_error 累計 0；finmind_price 快取檔數 1428）
上櫃股進度：950/1139（fetch_error 累計 0；finmind_price 快取檔數 1428）
上櫃股進度：1000/1139（fetch_error 累計 0；finmind_price 快取檔數 1428）
上櫃股進度：1050/1139（fetch_error 累計 0；finmind_price 快取檔數 1428）
上櫃股進度：1100/1139（fetch_error 累計 0；finmind_price 快取檔數 1428）
[129/138] 2025-09 已寫入：data/snapshots\2025-09\universe.json
[130/138] 2025-10 已存在但版本過時（0007-v1 → 0007-v2），重建...
上櫃股進度：50/1139（fetch_error 累計 0；finmind_price 快取檔數 1428）
上櫃股進度：100/1139（fetch_error 累計 0；finmind_price 快取檔數 1428）
上櫃股進度：150/1139（fetch_error 累計 0；finmind_price 快取檔數 1428）
上櫃股進度：200/1139（fetch_error 累計 0；finmind_price 快取檔數 1428）
上櫃股進度：250/1139（fetch_error 累計 0；finmind_price 快取檔數 1428）
上櫃股進度：300/1139（fetch_error 累計 0；finmind_price 快取檔數 1428）
上櫃股進度：350/1139（fetch_error 累計 0；finmind_price 快取檔數 1428）
上櫃股進度：400/1139（fetch_error 累計 0；finmind_price 快取檔數 1428）
上櫃股進度：450/1139（fetch_error 累計 0；finmind_price 快取檔數 1428）
上櫃股進度：500/1139（fetch_error 累計 0；finmind_price 快取檔數 1428）
上櫃股進度：550/1139（fetch_error 累計 0；finmind_price 快取檔數 1428）
上櫃股進度：600/1139（fetch_error 累計 0；finmind_price 快取檔數 1428）
上櫃股進度：650/1139（fetch_error 累計 0；finmind_price 快取檔數 1428）
上櫃股進度：700/1139（fetch_error 累計 0；finmind_price 快取檔數 1428）
上櫃股進度：750/1139（fetch_error 累計 0；finmind_price 快取檔數 1428）
上櫃股進度：800/1139（fetch_error 累計 0；finmind_price 快取檔數 1428）
上櫃股進度：850/1139（fetch_error 累計 0；finmind_price 快取檔數 1428）
上櫃股進度：900/1139（fetch_error 累計 0；finmind_price 快取檔數 1428）
上櫃股進度：950/1139（fetch_error 累計 0；finmind_price 快取檔數 1428）
上櫃股進度：1000/1139（fetch_error 累計 0；finmind_price 快取檔數 1428）
上櫃股進度：1050/1139（fetch_error 累計 0；finmind_price 快取檔數 1428）
上櫃股進度：1100/1139（fetch_error 累計 0；finmind_price 快取檔數 1428）
[130/138] 2025-10 已寫入：data/snapshots\2025-10\universe.json
[131/138] 2025-11 已存在但版本過時（0007-v1 → 0007-v2），重建...
上櫃股進度：50/1139（fetch_error 累計 0；finmind_price 快取檔數 1428）
上櫃股進度：100/1139（fetch_error 累計 0；finmind_price 快取檔數 1428）
上櫃股進度：150/1139（fetch_error 累計 0；finmind_price 快取檔數 1428）
上櫃股進度：200/1139（fetch_error 累計 0；finmind_price 快取檔數 1428）
上櫃股進度：250/1139（fetch_error 累計 0；finmind_price 快取檔數 1428）
上櫃股進度：300/1139（fetch_error 累計 0；finmind_price 快取檔數 1428）
上櫃股進度：350/1139（fetch_error 累計 0；finmind_price 快取檔數 1428）
上櫃股進度：400/1139（fetch_error 累計 0；finmind_price 快取檔數 1428）
上櫃股進度：450/1139（fetch_error 累計 0；finmind_price 快取檔數 1428）
上櫃股進度：500/1139（fetch_error 累計 0；finmind_price 快取檔數 1428）
上櫃股進度：550/1139（fetch_error 累計 0；finmind_price 快取檔數 1428）
上櫃股進度：600/1139（fetch_error 累計 0；finmind_price 快取檔數 1428）
上櫃股進度：650/1139（fetch_error 累計 0；finmind_price 快取檔數 1428）
上櫃股進度：700/1139（fetch_error 累計 0；finmind_price 快取檔數 1428）
上櫃股進度：750/1139（fetch_error 累計 0；finmind_price 快取檔數 1428）
上櫃股進度：800/1139（fetch_error 累計 0；finmind_price 快取檔數 1428）
上櫃股進度：850/1139（fetch_error 累計 0；finmind_price 快取檔數 1428）
上櫃股進度：900/1139（fetch_error 累計 0；finmind_price 快取檔數 1428）
上櫃股進度：950/1139（fetch_error 累計 0；finmind_price 快取檔數 1428）
上櫃股進度：1000/1139（fetch_error 累計 0；finmind_price 快取檔數 1428）
上櫃股進度：1050/1139（fetch_error 累計 0；finmind_price 快取檔數 1428）
上櫃股進度：1100/1139（fetch_error 累計 0；finmind_price 快取檔數 1428）
[131/138] 2025-11 已寫入：data/snapshots\2025-11\universe.json
[132/138] 2025-12 已存在但版本過時（0007-v1 → 0007-v2），重建...
上櫃股進度：50/1139（fetch_error 累計 0；finmind_price 快取檔數 1428）
上櫃股進度：100/1139（fetch_error 累計 0；finmind_price 快取檔數 1428）
上櫃股進度：150/1139（fetch_error 累計 0；finmind_price 快取檔數 1428）
上櫃股進度：200/1139（fetch_error 累計 0；finmind_price 快取檔數 1428）
上櫃股進度：250/1139（fetch_error 累計 0；finmind_price 快取檔數 1428）
上櫃股進度：300/1139（fetch_error 累計 0；finmind_price 快取檔數 1428）
上櫃股進度：350/1139（fetch_error 累計 0；finmind_price 快取檔數 1428）
上櫃股進度：400/1139（fetch_error 累計 0；finmind_price 快取檔數 1428）
上櫃股進度：450/1139（fetch_error 累計 0；finmind_price 快取檔數 1428）
上櫃股進度：500/1139（fetch_error 累計 0；finmind_price 快取檔數 1428）
上櫃股進度：550/1139（fetch_error 累計 0；finmind_price 快取檔數 1428）
上櫃股進度：600/1139（fetch_error 累計 0；finmind_price 快取檔數 1428）
上櫃股進度：650/1139（fetch_error 累計 0；finmind_price 快取檔數 1428）
上櫃股進度：700/1139（fetch_error 累計 0；finmind_price 快取檔數 1428）
上櫃股進度：750/1139（fetch_error 累計 0；finmind_price 快取檔數 1428）
上櫃股進度：800/1139（fetch_error 累計 0；finmind_price 快取檔數 1428）
上櫃股進度：850/1139（fetch_error 累計 0；finmind_price 快取檔數 1428）
上櫃股進度：900/1139（fetch_error 累計 0；finmind_price 快取檔數 1428）
上櫃股進度：950/1139（fetch_error 累計 0；finmind_price 快取檔數 1428）
上櫃股進度：1000/1139（fetch_error 累計 0；finmind_price 快取檔數 1428）
上櫃股進度：1050/1139（fetch_error 累計 0；finmind_price 快取檔數 1428）
上櫃股進度：1100/1139（fetch_error 累計 0；finmind_price 快取檔數 1428）
[132/138] 2025-12 已寫入：data/snapshots\2025-12\universe.json
[133/138] 2026-01 已存在但版本過時（0007-v1 → 0007-v2），重建...
上櫃股進度：50/1139（fetch_error 累計 0；finmind_price 快取檔數 1428）
上櫃股進度：100/1139（fetch_error 累計 0；finmind_price 快取檔數 1428）
上櫃股進度：150/1139（fetch_error 累計 0；finmind_price 快取檔數 1428）
上櫃股進度：200/1139（fetch_error 累計 0；finmind_price 快取檔數 1428）
上櫃股進度：250/1139（fetch_error 累計 0；finmind_price 快取檔數 1428）
上櫃股進度：300/1139（fetch_error 累計 0；finmind_price 快取檔數 1428）
上櫃股進度：350/1139（fetch_error 累計 0；finmind_price 快取檔數 1428）
上櫃股進度：400/1139（fetch_error 累計 0；finmind_price 快取檔數 1428）
上櫃股進度：450/1139（fetch_error 累計 0；finmind_price 快取檔數 1428）
上櫃股進度：500/1139（fetch_error 累計 0；finmind_price 快取檔數 1428）
上櫃股進度：550/1139（fetch_error 累計 0；finmind_price 快取檔數 1428）
上櫃股進度：600/1139（fetch_error 累計 0；finmind_price 快取檔數 1428）
上櫃股進度：650/1139（fetch_error 累計 0；finmind_price 快取檔數 1428）
上櫃股進度：700/1139（fetch_error 累計 0；finmind_price 快取檔數 1428）
上櫃股進度：750/1139（fetch_error 累計 0；finmind_price 快取檔數 1428）
上櫃股進度：800/1139（fetch_error 累計 0；finmind_price 快取檔數 1428）
上櫃股進度：850/1139（fetch_error 累計 0；finmind_price 快取檔數 1428）
上櫃股進度：900/1139（fetch_error 累計 0；finmind_price 快取檔數 1428）
上櫃股進度：950/1139（fetch_error 累計 0；finmind_price 快取檔數 1428）
上櫃股進度：1000/1139（fetch_error 累計 0；finmind_price 快取檔數 1428）
上櫃股進度：1050/1139（fetch_error 累計 0；finmind_price 快取檔數 1428）
上櫃股進度：1100/1139（fetch_error 累計 0；finmind_price 快取檔數 1428）
[133/138] 2026-01 已寫入：data/snapshots\2026-01\universe.json
[134/138] 2026-02 已存在但版本過時（0007-v1 → 0007-v2），重建...
上櫃股進度：50/1139（fetch_error 累計 0；finmind_price 快取檔數 1428）
上櫃股進度：100/1139（fetch_error 累計 0；finmind_price 快取檔數 1428）
上櫃股進度：150/1139（fetch_error 累計 0；finmind_price 快取檔數 1428）
上櫃股進度：200/1139（fetch_error 累計 0；finmind_price 快取檔數 1428）
上櫃股進度：250/1139（fetch_error 累計 0；finmind_price 快取檔數 1428）
上櫃股進度：300/1139（fetch_error 累計 0；finmind_price 快取檔數 1428）
上櫃股進度：350/1139（fetch_error 累計 0；finmind_price 快取檔數 1428）
上櫃股進度：400/1139（fetch_error 累計 0；finmind_price 快取檔數 1428）
上櫃股進度：450/1139（fetch_error 累計 0；finmind_price 快取檔數 1428）
上櫃股進度：500/1139（fetch_error 累計 0；finmind_price 快取檔數 1428）
上櫃股進度：550/1139（fetch_error 累計 0；finmind_price 快取檔數 1428）
上櫃股進度：600/1139（fetch_error 累計 0；finmind_price 快取檔數 1428）
上櫃股進度：650/1139（fetch_error 累計 0；finmind_price 快取檔數 1428）
上櫃股進度：700/1139（fetch_error 累計 0；finmind_price 快取檔數 1428）
上櫃股進度：750/1139（fetch_error 累計 0；finmind_price 快取檔數 1428）
上櫃股進度：800/1139（fetch_error 累計 0；finmind_price 快取檔數 1428）
上櫃股進度：850/1139（fetch_error 累計 0；finmind_price 快取檔數 1428）
上櫃股進度：900/1139（fetch_error 累計 0；finmind_price 快取檔數 1428）
上櫃股進度：950/1139（fetch_error 累計 0；finmind_price 快取檔數 1428）
上櫃股進度：1000/1139（fetch_error 累計 0；finmind_price 快取檔數 1428）
上櫃股進度：1050/1139（fetch_error 累計 0；finmind_price 快取檔數 1428）
上櫃股進度：1100/1139（fetch_error 累計 0；finmind_price 快取檔數 1428）
[134/138] 2026-02 已寫入：data/snapshots\2026-02\universe.json
[135/138] 2026-03 已存在但版本過時（0007-v1 → 0007-v2），重建...
上櫃股進度：50/1139（fetch_error 累計 0；finmind_price 快取檔數 1428）
上櫃股進度：100/1139（fetch_error 累計 0；finmind_price 快取檔數 1428）
上櫃股進度：150/1139（fetch_error 累計 0；finmind_price 快取檔數 1428）
上櫃股進度：200/1139（fetch_error 累計 0；finmind_price 快取檔數 1428）
上櫃股進度：250/1139（fetch_error 累計 0；finmind_price 快取檔數 1428）
上櫃股進度：300/1139（fetch_error 累計 0；finmind_price 快取檔數 1428）
上櫃股進度：350/1139（fetch_error 累計 0；finmind_price 快取檔數 1428）
上櫃股進度：400/1139（fetch_error 累計 0；finmind_price 快取檔數 1428）
上櫃股進度：450/1139（fetch_error 累計 0；finmind_price 快取檔數 1428）
上櫃股進度：500/1139（fetch_error 累計 0；finmind_price 快取檔數 1428）
上櫃股進度：550/1139（fetch_error 累計 0；finmind_price 快取檔數 1428）
上櫃股進度：600/1139（fetch_error 累計 0；finmind_price 快取檔數 1428）
上櫃股進度：650/1139（fetch_error 累計 0；finmind_price 快取檔數 1428）
上櫃股進度：700/1139（fetch_error 累計 0；finmind_price 快取檔數 1428）
上櫃股進度：750/1139（fetch_error 累計 0；finmind_price 快取檔數 1428）
上櫃股進度：800/1139（fetch_error 累計 0；finmind_price 快取檔數 1428）
上櫃股進度：850/1139（fetch_error 累計 0；finmind_price 快取檔數 1428）
上櫃股進度：900/1139（fetch_error 累計 0；finmind_price 快取檔數 1428）
上櫃股進度：950/1139（fetch_error 累計 0；finmind_price 快取檔數 1428）
上櫃股進度：1000/1139（fetch_error 累計 0；finmind_price 快取檔數 1428）
上櫃股進度：1050/1139（fetch_error 累計 0；finmind_price 快取檔數 1428）
上櫃股進度：1100/1139（fetch_error 累計 0；finmind_price 快取檔數 1428）
[135/138] 2026-03 已寫入：data/snapshots\2026-03\universe.json
[136/138] 2026-04 已存在但版本過時（0007-v1 → 0007-v2），重建...
上櫃股進度：50/1139（fetch_error 累計 0；finmind_price 快取檔數 1428）
上櫃股進度：100/1139（fetch_error 累計 0；finmind_price 快取檔數 1428）
上櫃股進度：150/1139（fetch_error 累計 0；finmind_price 快取檔數 1428）
上櫃股進度：200/1139（fetch_error 累計 0；finmind_price 快取檔數 1428）
上櫃股進度：250/1139（fetch_error 累計 0；finmind_price 快取檔數 1428）
上櫃股進度：300/1139（fetch_error 累計 0；finmind_price 快取檔數 1428）
上櫃股進度：350/1139（fetch_error 累計 0；finmind_price 快取檔數 1428）
上櫃股進度：400/1139（fetch_error 累計 0；finmind_price 快取檔數 1428）
上櫃股進度：450/1139（fetch_error 累計 0；finmind_price 快取檔數 1428）
上櫃股進度：500/1139（fetch_error 累計 0；finmind_price 快取檔數 1428）
上櫃股進度：550/1139（fetch_error 累計 0；finmind_price 快取檔數 1428）
上櫃股進度：600/1139（fetch_error 累計 0；finmind_price 快取檔數 1428）
上櫃股進度：650/1139（fetch_error 累計 0；finmind_price 快取檔數 1428）
上櫃股進度：700/1139（fetch_error 累計 0；finmind_price 快取檔數 1428）
上櫃股進度：750/1139（fetch_error 累計 0；finmind_price 快取檔數 1428）
上櫃股進度：800/1139（fetch_error 累計 0；finmind_price 快取檔數 1428）
上櫃股進度：850/1139（fetch_error 累計 0；finmind_price 快取檔數 1428）
上櫃股進度：900/1139（fetch_error 累計 0；finmind_price 快取檔數 1428）
上櫃股進度：950/1139（fetch_error 累計 0；finmind_price 快取檔數 1428）
上櫃股進度：1000/1139（fetch_error 累計 0；finmind_price 快取檔數 1428）
上櫃股進度：1050/1139（fetch_error 累計 0；finmind_price 快取檔數 1428）
上櫃股進度：1100/1139（fetch_error 累計 0；finmind_price 快取檔數 1428）
[136/138] 2026-04 已寫入：data/snapshots\2026-04\universe.json
[137/138] 2026-05 已存在但版本過時（0007-v1 → 0007-v2），重建...
上櫃股進度：50/1139（fetch_error 累計 0；finmind_price 快取檔數 1428）
上櫃股進度：100/1139（fetch_error 累計 0；finmind_price 快取檔數 1428）
上櫃股進度：150/1139（fetch_error 累計 0；finmind_price 快取檔數 1428）
上櫃股進度：200/1139（fetch_error 累計 0；finmind_price 快取檔數 1428）
上櫃股進度：250/1139（fetch_error 累計 0；finmind_price 快取檔數 1428）
上櫃股進度：300/1139（fetch_error 累計 0；finmind_price 快取檔數 1428）
上櫃股進度：350/1139（fetch_error 累計 0；finmind_price 快取檔數 1428）
上櫃股進度：400/1139（fetch_error 累計 0；finmind_price 快取檔數 1428）
上櫃股進度：450/1139（fetch_error 累計 0；finmind_price 快取檔數 1428）
上櫃股進度：500/1139（fetch_error 累計 0；finmind_price 快取檔數 1428）
上櫃股進度：550/1139（fetch_error 累計 0；finmind_price 快取檔數 1428）
上櫃股進度：600/1139（fetch_error 累計 0；finmind_price 快取檔數 1428）
上櫃股進度：650/1139（fetch_error 累計 0；finmind_price 快取檔數 1428）
上櫃股進度：700/1139（fetch_error 累計 0；finmind_price 快取檔數 1428）
上櫃股進度：750/1139（fetch_error 累計 0；finmind_price 快取檔數 1428）
上櫃股進度：800/1139（fetch_error 累計 0；finmind_price 快取檔數 1428）
上櫃股進度：850/1139（fetch_error 累計 0；finmind_price 快取檔數 1428）
上櫃股進度：900/1139（fetch_error 累計 0；finmind_price 快取檔數 1428）
上櫃股進度：950/1139（fetch_error 累計 0；finmind_price 快取檔數 1428）
上櫃股進度：1000/1139（fetch_error 累計 0；finmind_price 快取檔數 1428）
上櫃股進度：1050/1139（fetch_error 累計 0；finmind_price 快取檔數 1428）
上櫃股進度：1100/1139（fetch_error 累計 0；finmind_price 快取檔數 1428）
[137/138] 2026-05 已寫入：data/snapshots\2026-05\universe.json
[138/138] 2026-06 已存在但版本過時（0007-v1 → 0007-v2），重建...
上櫃股進度：50/1139（fetch_error 累計 0；finmind_price 快取檔數 1428）
上櫃股進度：100/1139（fetch_error 累計 0；finmind_price 快取檔數 1428）
上櫃股進度：150/1139（fetch_error 累計 0；finmind_price 快取檔數 1428）
上櫃股進度：200/1139（fetch_error 累計 0；finmind_price 快取檔數 1428）
上櫃股進度：250/1139（fetch_error 累計 0；finmind_price 快取檔數 1428）
上櫃股進度：300/1139（fetch_error 累計 0；finmind_price 快取檔數 1428）
上櫃股進度：350/1139（fetch_error 累計 0；finmind_price 快取檔數 1428）
上櫃股進度：400/1139（fetch_error 累計 0；finmind_price 快取檔數 1428）
上櫃股進度：450/1139（fetch_error 累計 0；finmind_price 快取檔數 1428）
上櫃股進度：500/1139（fetch_error 累計 0；finmind_price 快取檔數 1428）
上櫃股進度：550/1139（fetch_error 累計 0；finmind_price 快取檔數 1428）
上櫃股進度：600/1139（fetch_error 累計 0；finmind_price 快取檔數 1428）
上櫃股進度：650/1139（fetch_error 累計 0；finmind_price 快取檔數 1428）
上櫃股進度：700/1139（fetch_error 累計 0；finmind_price 快取檔數 1428）
上櫃股進度：750/1139（fetch_error 累計 0；finmind_price 快取檔數 1428）
上櫃股進度：800/1139（fetch_error 累計 0；finmind_price 快取檔數 1428）
上櫃股進度：850/1139（fetch_error 累計 0；finmind_price 快取檔數 1428）
上櫃股進度：900/1139（fetch_error 累計 0；finmind_price 快取檔數 1428）
上櫃股進度：950/1139（fetch_error 累計 0；finmind_price 快取檔數 1428）
上櫃股進度：1000/1139（fetch_error 累計 0；finmind_price 快取檔數 1428）
上櫃股進度：1050/1139（fetch_error 累計 0；finmind_price 快取檔數 1428）
上櫃股進度：1100/1139（fetch_error 累計 0；finmind_price 快取檔數 1428）
[138/138] 2026-06 已寫入：data/snapshots\2026-06\universe.json
